兖州矿区职工大学,35.418402,117.004116,
四川理工学院,29.338543,104.772033,
山东水利技师学院,36.65804,117.899636,
景德镇陶瓷学院,湘湖校区,29.298184,117.258201,
湖南致公专修大学,26.911197,112.65368,
山东杏林科技职业学院,36.801224,117.856467,
湖北中医药高等高职学校,31.209316,112.410562,
六盘水职业技术学院,26.614581,104.799814,
常州机电职业技术学院,31.835735,119.903751,
河南工业大学,莲花街校区,34.8333,113.557892,
香港大学,22.287502,114.149268,
广东药学院,中山校区,22.480666,113.418481,
大连理工大学,38.888455,121.669802,
郑州电力职业技术学院,34.727887,113.999878,
鲁东大学,主校区,37.528498,121.365584,
长沙医学院,26.896345,112.603148,
辽宁地质工程职业学院,40.068078,124.330737,
辽东学院,南校区,40.157814,124.435797,
韶关学院韶州师范分院,浈江区,24.820281,113.60278,
烟台汽车工程技术学院,37.374256,120.413081,
长沙师范学院,南校区,28.261888,113.08994,
山东师范大学,长清校区,36.556876,116.841435,
福州外语外贸学院,25.930289,119.505788,
西安电子科技大学,南校区,34.1284,108.847536,
齐鲁理工学院,36.681694,117.551312,
赣南医学院,黄金校区,25.865243,114.940007,
湖北汽车工业学院,32.656694,110.74677,
沙洲职业工学院,31.902812,120.578994,
山东药品食品职业学院,36.811884,118.037275,
河南质量工程职业学院,33.719045,113.297248,
辽宁理工职业技术学院,40.665702,122.252727,
广州华商职业学院,23.263493,113.786833,
贵州师范大学,26.594374,106.728227,
徐州医学院,西校区,34.268062,117.26265,
广东工业大学,大学城校区,23.139402,113.306065,
浙江工业职业技术学院,梅山校区,30.035308,120.583686,
湖南理工学院,南院,29.36626,113.125491,
湖南工业贸易职业技术学院,27.842984,112.954036,
湖南大学,南校区,28.185612,112.950336,
漯河职业技术学院,33.575158,114.015511,
宜春职业技术学院,27.803968,114.375871,
玉林师范学院,东校区,22.658475,110.2109,
内蒙古大学创业学院,40.764981,111.681063,
许昌陶瓷职业学院,34.179519,113.501813,
三江大学,31.963527,118.758645,
湖南工业职业技术学院,28.163137,112.999961,
湖南大众传媒职业技术学院,韶山路校区,27.874453,112.931093,
雅安职业技术学院,30.023482,103.056553,
西北民族大学,榆中校区,35.999785,104.24429,
榆林学院,38.299417,109.729625,
太原理工大学,虎峪校区,37.749888,112.72797,
中国药科大学,29.542218,106.53212,
新余学院,27.862792,115.003404,
重庆航天职业技术学院,29.593197,106.521137,
柳州职业技术学院,南校区,24.301977,109.456301,
沈阳音乐学院,柳条湖街,41.836014,123.462004,
右江名族医学院,23.941866,106.505596,
绵阳职业技术学院,31.497508,104.795544,
香港浸会大学,22.301054,114.186248,
福建华南女子职业学院旗山校区,26.050118,117.984943,
银川能源学院,38.253945,106.242258,
吉林省教育学院,43.678846,126.262876,
重庆财经职业学院,29.373705,105.895936,
永城职业学院,33.919454,116.462637,
福建水利电力职业技术学院,25.978077,117.373976,
南宁学院,22.755443,108.45966,
郑州职业技术学院,34.769868,113.457595,
山西艺术职业学院,37.858429,112.579941,
辽宁职业学院,42.31172,123.899793,
桂林电子科技大学,西校区,21.454021,109.180346,
驻马店职业技术学院,33.008822,114.008074,
武汉科技职业学院,30.671802,111.435281,
铜川职业技术学院,34.892304,108.937645,
华北科技学院,36.099095,111.530406,
西北农林科技大学,北校区,34.267924,108.078232,
陕西师范大学,长安校区,34.214724,108.962787,
广西师范大学,雁山校区,25.103923,110.300522,
湖南工学院,南校区,26.884257,112.617821,
漯河食品职业学院,33.611481,113.99564,
济宁学院,35.550949,116.829604,
西安航空职业技术学院,34.662709,109.219278,
山西水利职业技术学院,35.05956,111.040836,
盐城工业职业技术学院,33.327027,120.181649,
闽北职业技术学院,26.584506,118.261868,
新乡职业技术学院,35.28507,114.047798,
吉林医学院,42.923374,129.519163,
九江学院,庐峰校区,29.727972,116.008609,
山东财经大学,燕山,34.801856,117.273902,
东南大学四牌楼校区,32.061409,118.799883,
广西师范大学,育才校区,25.287407,110.305649,
宿迁泽达职业技术学院,34.026484,118.289596,
扬州大学,瘦西湖校区,33.915834,118.190377,
贵州城市职业技术学院,26.902826,106.734996,
太原生态工程学院,37.890277,112.550864,
兴义民族师范学院,25.098145,104.90818,
西安交通大学,兴庆校区,38.464266,106.382121,
南宁职业技术学院,22.838486,108.333562,
辽河石油职业技术学院,41.1182,122.072051,
辽宁财贸学院,40.627296,120.801017,
广西轻工高级技工学院,23.552255,108.924274,
武汉生物工程学院,30.71874,114.531025,
郑州大学西亚斯国际学院,34.404957,113.770874,
新疆财经大学商务学院,43.893128,87.551639,
淮海工学院,34.592699,119.196766,
吉林大学,新民校区,42.016776,122.866418,
龙岩技师学院,25.121241,117.025107,
成都职业技术学院,花源校区,30.483985,103.890841,
江西旅游商贸职业技术学院,28.708789,115.792782,
江西科技师范大学,枫林校区,27.757258,115.676082,
抚顺矿务局职工工学院,41.877304,123.92982,
西南石油大学,成都校区,30.831672,104.190488,
西安建筑科技大学,34.250904,109.022844,
山西财贸职业技术学院,37.781465,112.662825,
厦门大学,翔安校区,24.675485,118.280803,
湖北文理学院理工学院,尹集校区,31.951278,112.091937,
湖南第一师范学院,东方红校区,27.783749,112.965389,
韩山师范学院,23.661092,116.671566,
暨南大学,南校区,22.255354,113.537369,
闽南师范大学,24.513382,117.651732,
湖北生物科技职业技术学院,29.837056,114.318427,
湄洲湾职业技术学院,25.272944,118.864308,
湖北理工学院,30.214696,115.032437,
广东医学院湛江校区,21.21097,110.416757,
安顺学院,26.250129,105.90854,
广西大学,22.844154,108.296367,
北方民族大学,38.502741,106.113595,
营口大学,南区,40.668651,122.233391,
昆明医科大学,25.048563,102.69365,
安徽警官职业学院,西区,26.610869,101.555332,
天津农学院,西校区,39.097368,117.106989,
三峡电力职业学院,30.712724,111.313484,
兰州石化学院,36.096917,103.628733,
洛阳铁路工程学校,洛理伊滨校区,34.657368,112.447525,
大连枫叶职业技术学院,38.90303,121.617141,
北京涉外经济专修学院,39.937329,116.352971,
延安大学西安创新学院,42.986365,125.150149,
黄河交通学院,武陟,35.093964,113.43818,
武夷山职业学院,27.725629,118.009422,
天津天狮学院,39.40775,117.078471,
常德幼儿师范高等专科学校,29.012149,111.653718,
常州信息职业技术学院,31.684343,119.961396,
韶关学院医学院,24.794249,113.596137,
成都体育学院,30.653969,104.050442,
武昌首义学院,30.56486,114.353622,
三峡大学,30.69476,111.313018,
华南建设学院西院,25.062461,102.696074,
苏州大学文正学院,31.223977,120.592037,
湖州师范学院,30.878793,120.128467,
苏州信息职业技术学院,31.141124,120.640092,
贵州师范学院,26.648779,106.804143,
南阳医学高等专科学校,32.9741,112.501226,
山东外事翻译职业学院,35.72696,116.500907,
安阳职业技术学院,36.040135,114.386771,
中国矿业大学,文昌校区,19.750947,110.780909,
新疆师范大学,温泉校区,44.96882,80.952156,
四川交通职业技术学院,30.694733,103.823222,
许昌学院,34.045732,113.832586,
咸阳师范学院,34.366823,108.734502,
西安科技大学,北校区,34.371019,107.164519,
长安大学,本部,34.372466,108.907304,
新乡医学院,35.41408,114.066224,
山东经贸职业学院,36.689025,119.1026,
钟山职业技术学院,26.731157,104.762547,
沈阳工学院,41.847804,123.724768,
湖南中医药大学,含浦校区,28.135039,112.900852,
重庆三峡学院,老区,30.801269,108.389644,
山西省财政税务专科学校,37.860668,112.524233,
河南工业职业技术学院,33.013001,112.551467,
江西中医药大学科技学院,湾里区,28.800557,115.75048,
岭南大学,22.413381,113.995215,
乌鲁木齐职业大学,西校区,43.865815,87.431078,
江苏建筑职业技术学院,34.208741,117.184835,
厦门东海学院,24.750378,118.177276,
北京物资学院,39.935223,116.646001,
四川文理学院,新校区,31.217333,107.49052,
盐城师范学院,新长校区,33.39086,120.163102,
沈阳工业大学,兴顺校区,41.788208,123.356735,
铁岭师范高等专科学校,42.256258,123.752604,
鞍山师范学院,41.083259,123.00085,
中南大学,升华公寓,28.145198,113.000139,
新疆大学,本部,43.771629,87.625039,
济南工程职业技术学院,36.680622,117.011751,
常州工程职业技术学院,31.791134,119.992116,
华南师范大学,大学城校区,23.145512,113.355887,
武夷学院,桃源校区,28.917818,111.270707,
山东农业大学,东校区,36.200796,117.125149,
锦州商务职业学院,40.863726,121.078439,
山西农业大学,37.430009,112.588681,
健雄职业技术学院,31.416669,121.142653,
西北大学太白校区,33.942972,107.416865,
省电力职业技能学院,26.062006,119.331871,
国立台湾大学,24.086957,121.973871,
湛江师范学院基础教育学院,北校区,21.365878,110.252354,
商丘医学高等专科学校,34.400801,115.624549,
湖南职业化工技术学院,25.82115,113.045255,
沈阳城市学院,41.630132,123.542769,
福州大学,铜盘校区,24.451531,118.067763,
西华师范大学,30.819981,106.077094,
顺德职业技术学院,22.815093,113.331447,
抚顺师范高等专科学校,41.902922,123.930643,
新疆教育学院,43.828139,87.639426,
吉林农业大学发展学院,43.541268,125.673951,
朝阳师范高等专科学校,41.56567,120.451148,
潍坊科技学院,36.885616,118.781921,
山东大学,千佛山,36.609258,117.056198,
三亚学院,18.334121,109.566105,
青岛远洋船员职业学院,36.083257,120.401619,
青岛科技大学,36.155763,120.393452,
闽南理工学院,宝盖校区,24.750172,118.690516,
首钢工学院,39.932355,116.209486,
石河子大学科技学院,44.310002,86.064689,
湖南环境生物职业技术学院,27.004105,112.621266,
中南林业科技大学,27.919333,113.157852,
江西科技职业学院,32.12749,114.083455,
沈阳药科大学,41.774977,123.452604,
沈阳师范大学,41.91384,123.42138,
香港城市大学,22.33821,114.187329,
西藏民族大学,31.367315,89.137982,
浙江工业大学之江学院,柯桥校区,30.098661,120.489812,
福建医科大学,上街校区,34.822089,113.298182,
商洛学院,33.870181,109.960931,
焦作大学,老校区,35.219787,113.283212,
鹤壁职业技术学院,35.8932,114.191382,
新疆工程学院,天津路校区,43.820615,87.587033,
湖北国土资源职业学院,30.339002,112.236198,
四川外国语大学,成都学院,29.578245,106.442671,
大连交通大学,38.930241,121.593023,
三明学院,26.204681,117.571438,
广东财经大学,三水校区,23.294581,112.904677,
内蒙古丰州职业学院,40.899979,111.846399,
山东外事翻译职业学院,乳山,36.976575,121.529788,
哈尔滨理工大学,荣成校区,37.173518,122.52112,
济宁职业技术学院,35.440959,116.598507,
西南交通大学,九里校区,34.321211,117.124522,
西安理工大学,曲江校区,24.651898,113.642178,
曲阜远东职业技术学院,35.786361,117.11784,
海南师范大学,桂林洋校区,20.002236,110.351243,
海南软件职业技术学院,19.257467,110.480711,
贵州工业职业技术学院,清镇校区,26.598043,106.47674,
淮安信息职业技术学院,33.558272,119.053194,
淮阴工学院,老校区,33.609875,119.013034,
潍坊工程职业学院,36.682547,118.482992,
江西机电职业技术学院,28.631379,115.914278,
井冈山大学,校本部,27.116065,115.038177,
西南财经大学,光华校区?,30.674763,104.021149,
广西教育学院,22.827778,108.346593,
武汉工业职业技术学院,30.652804,114.430521,
江西农业大学南昌商学院,28.757608,115.858808,
四川建筑职业技术学院,青白江校区,30.826908,104.271568,
天水师范学院,34.576155,105.70598,
金陵科技学院,32.033749,118.802038,
陕西职业技术学院,老校区,34.334176,108.698457,
辽宁林业职业技术学院,41.152531,122.929767,
曲靖师范学院,25.526934,103.757457,
重庆南方翻译学院,綦江校区,28.87614,106.679237,
新疆职业机电技术学院,35.741488,114.288722,
应天职业技术学院,32.093815,118.923207,
电子科技大学,九里堤校区,25.287127,110.343623,
贵州工程应用技术学院,27.301459,105.31895,
兰州财经大学,和平校区,36.064226,103.823305,
东南大学成贤学院,32.161321,118.710828,
福建中医药大学屏山校区,28.702429,103.999118,
山西农业大学平遥机电学院,37.217537,112.168673,
辽宁冶金职业技术学院,41.288234,123.783695,
信阳农林学院,新校区,32.168296,114.130358,
广西工程职业学院,23.321759,107.610103,
西南交通大学,犀浦校区,30.772902,103.98362,
江门职业技术学院,22.588292,113.079468,
云南机电职业技术学院,25.150474,102.740811,
吉林司法警官职业学院,44.078781,125.186684,
陕西航空职业技术学院,33.026418,107.029631,
无锡商业职业技术学院,31.580053,120.293985,
衡阳师范学院,南岳校区,27.259359,112.708767,
华中科技大学,22.53652,113.929653,
石家庄学院,南区,22.231257,114.218796,
贵州大学,北校区,26.565211,106.668027,
南开大学,八里台校区,39.109318,）,117.176948
大同大学,御东校区,40.097293,113.361536,
私立华联学院,23.185518,113.166444,
长春大学旅游学院,43.790365,125.429701,
江西信息应用职业技术学院,28.594096,115.913552,
重庆交通大学,29.496226,106.578179,
福建师范大学闽南科技学校,25.042859,118.488213,
河南机电高等专科学校,老校区,35.323293,113.910344,
山东中医药高等专科学校,37.442601,121.641133,
辽宁医药职业学院,41.312908,123.773647,
福州大学,旗山校区,26.065671,119.204358,
新疆机电职业技术学院,43.92663,87.637246,
重庆文理学院,红河校区,23.367718,103.384065,
东华理工大学,昌北区,20.056513,110.3446,
三明职业技术学院,26.258315,117.646189,
嘉应学院,24.332928,116.133811,
广东石油化工学院,光华校区,21.669469,110.931457,
湖北医药学院,32.629434,110.78948,
甘肃工业职业技术学院,34.570715,105.820921,
福建对外经济贸易职业技术学院,马尾校区,26.079916,119.511344,
广东海洋大学寸金学院,麻章区学智路,21.0941,110.338022,
吉林工程技术师范学院,43.881706,125.289574,
辽宁对外经贸学院,38.825343,121.161533,
河南科技大学,开元校区菁园,34.6131,112.423476,
仰恩大学,旧校区,25.119817,118.620391,
陕西中医药大学,35.860026,109.503789,
广州商学院,23.308847,113.574715,
四川工业科技学院,31.326539,104.503248,
广西科技大学鹿山学院,24.374462,109.537096,
九江学院,本部,29.682665,116.016558,
湖南城建学院高新校区,27.688672,112.018791,
漳州理工职业学院,24.517065,117.676205,
吉林化工学院双吉校区,43.906463,126.625332,
银杏酒店管理学院,30.653022,104.171,
烟台南山学院,南山校区,37.604771,120.498125,
海南医学院,19.986167,110.33976,
中原工学院,龙湖校区,23.408849,116.759347,
厦门大学嘉庚学院,24.373111,118.054873,
渤海船舶职业学院,40.71172,120.958646,
香港中文大学,22.692234,114.217194,
柳州铁道职业技术学院,和平路校区,24.32278,109.375756,
西南财经大学,柳林校区,37.403754,110.876927,
广西生态工程职业技术学院,24.472151,109.38862,
渤海大学,新校区,41.12079,121.165648,
桂林电子科技大学,花江校区,25.322187,110.425539,
渭南师范学院,34.500378,109.494273,
西安科技大学,临潼校区,34.377425,109.200626,
山东艺术设计职业学院,36.09929,118.527663,
吉林体育学院,临河校区,40.932018,107.44184,
台州学院,临海市,28.855104,121.123441,
桂林山水职业学院,25.240781,110.199049,
辽宁商贸职业技术学院,41.6216,122.753592,
武汉工业学院,30.339645,114.700903,
商丘工学院,34.424758,115.692964,
甘肃卫生职业技术学院,38.103267,102.457625,
湖南第一师范学院,书院路校区,27.695864,111.720664,
昆明理工大学莲花校区,27.223445,113.959777,
西安职业技术学院,34.265741,108.898989,
济南幼儿师范高等专科学院,36.682785,117.024967,
山东大学,洪家楼校区,36.679848,117.065356,
湖南中医药高等专科学院,27.43127,113.380517,
泉州医学高等专科学校,24.921575,118.600225,
青岛酒店管理职业技术学院,36.175607,120.496346,
青海昆仑学院,36.56331,102.620772,
洛阳师范学院,老校区,34.683856,112.47376,
营口理工学院,营口大学园,40.637231,122.252048,
青岛大学,崂山校区,36.075898,120.428678,
临沂大学,35.120994,118.297622,
烟台大学,北校区,37.479635,121.464784,
吉化职工大学,36.214396,117.696987,
硅湖职业技术学院,31.289279,121.146058,
西京学院,40.663983,109.824623,
潍坊学院,36.723507,119.186523,
吉林城市职业技术学院,44.014947,125.274285,
内蒙古民族大学,新区,43.631369,122.266592,
衢州学院,28.988486,118.874926,
贵阳医学院,26.58616,107.977823,
中南大学,湘雅校区,28.21951,112.98915,
河南大学软件学院,34.824615,114.316287,
鹤壁汽车工程职业学院,35.710173,114.318722,
江苏农林职业技术学院,31.965511,119.177738,
包头铁道职业技术学院,40.659716,110.008969,
九台长春大学,44.209759,125.985176,
四川美术学院,黄桷坪校区,29.493265,106.547881,
天津石油职业技术学院,38.849601,117.22528,
扬州大学,荷花池校区,31.157772,104.399947,
长江大学工程技术学院,30.336481,112.225271,
江苏大学,32.205667,119.520705,
山西医科大学晋祠学院,37.691477,112.435659,
福州外语外贸职业技术学院宦溪校区,26.178437,119.363626,
四川邮电职业技术学院,30.625313,104.130873,
湖南机电职业技术学院,29.618877,111.88277,
天津职业技术师范大学,39.068119,117.300061,
西安交通大学,财经校区,39.05624,121.791317,
贵州广播电视大学,金阳校区,27.706169,103.201059,
山东济宁教育学院,35.068886,116.328188,
吉林大学珠海学院,22.055038,113.410949,
郑州大学,新校区,34.788152,113.665314,
汕头大学,23.419551,116.641485,
四川电影电视职业学院,30.727936,104.031835,
宁夏职业技术学院,38.479,106.23681,
内蒙古工业大学,金川校区,38.492172,102.32868,
河南理工大学,35.248314,113.24048,
宁德师范学院,旧区,26.662921,119.599576,
台州职业技术学院,28.658262,121.408217,
青岛工学院,36.24633,120.026446,
山西工程技术学院,阳泉,37.88723,113.614008,
广西师范学院,明秀校区,22.390044,107.397747,
泸州职业技术学院,28.871845,105.433834,
华中农业大学,30.406685,114.41643,
东南大学,九龙湖校区,31.89338,118.827366,
江南影视学院,22.663807,108.135591,
重庆交通大学,双福校区,29.424311,106.280175,
广东科贸职业技术学院,21.850766,111.993456,
江汉大学,30.623871,114.302344,
四川大学,江安校区,28.663533,105.128778,
洛阳理工学院,东校区,34.657597,112.419533,
南京信息工程大学,花旗营校区,32.025009,118.752849,
山西林业职业技术学院,37.900701,112.546335,
江苏师范大学,贾汪校区,34.410528,117.498246,
甘肃钢铁职业技术学院,39.784304,98.317578,
黄河科技学院,南校区,35.07874,112.634954,
集美大学,本部,24.58847,118.101299,
青岛市技师学院,良友分部,36.38331,120.354785,
吉安卫校,27.110998,114.982982,
贵州盛华职业学院,26.074229,106.602343,
江苏信息职业技术学院,31.575359,120.176752,
郑州财经学院,34.865955,113.612061,
惠州经济职业技术学院,23.074181,114.490052,
遵义师范学院,汇川分院,27.713189,106.921917,
内蒙古财经大学,东校区,40.86266,111.636541,
黄冈师范学院,30.452399,114.934501,
台州科技职业学院,28.671904,121.267783,
湖北师范学院,30.236968,115.070371,
山东科技大学,青岛校区,36.009523,120.130377,
辽宁大学,崇山校区,41.840067,123.41158,
山东工业职业学院,36.890228,118.087624,
山东大学,中心校区,37.537709,122.070355,
山东力明科技职业学院,36.655266,116.919638,
淮阴师范学院,新校区,33.64757,119.013621,
重庆理工大学,花溪校区,26.397917,106.665273,
广东培正学院,23.416371,113.097383,
陕西国防工业职业技术学院,34.099717,108.630953,
苏州科技学院石湖校区,31.255358,120.583218,
武汉外语外事职业学院,30.590237,114.433731,
宁夏幼儿师范高等专科学校,37.321323,106.155481,
天津机电职业技术学院,39.182176,117.141712,
新乡学院,35.297583,113.948087,
遵义师范学院,本部,27.712953,107.053971,
湖南南方专修学院,26.7639,112.69379,
广西科技师范学院,分校区,22.687535,109.275774,
湖南冶金职业技术学院,27.858915,113.171728,
外事外语学院,39.115031,117.216238,
河南护理职业学院,34.51139,101.556307,
天津音乐学院,39.129275,117.235536,
天津职业大学,39.190216,117.222636,
天津工业大学,39.128286,117.192504,
甘肃民族师范学院,34.966439,102.901147,
重庆人文科技学院,29.975428,106.411872,
湖北交通职业技术学院,30.544782,114.253136,
汉中职业技术学院,33.078887,107.037799,
湖南高尔夫旅游职业学院,28.817185,111.950283,
安康学院,32.703396,108.988322,
潍坊职业学院,37.093344,119.212771,
扬州大学,扬子津校区,32.344888,119.404581,
仲恺农业工程学院,23.113498,113.286984,
阜新高等专科学校,42.002746,121.637942,
南京理工大学泰州科技学院,32.468969,119.947024,
清华大学,40.002695,116.328317,
辽宁广播电视大学辽阳分校,40.838971,122.77006,
北京科技职业学院,32.403707,119.433879,
中国民用航空飞行学院,30.956397,104.314039,
山东电力高等专科学院,36.485594,115.456602,
郑州旅游职业学院,34.730407,113.703657,
昆明艺术职业学院,24.939583,102.717774,
香港教育学院,22.318033,114.23331,
南京旅游职业学院,32.082055,118.755325,
辽宁工业大学,41.149154,121.130437,
苏州农业职业技术学院,31.317987,120.619907,
郑州成功财经学院,34.764454,113.032148,
江苏海事学院,33.013797,119.368489,
南充职业技术学院,30.853174,106.160466,
广东职业技术学院,高明校区,22.824523,112.683258,
南京工程学院,32.397909,119.940711,
南通理工学院,32.048624,120.815647,
河西学院,38.957346,100.448234,
大连海事大学,38.877257,121.538751,
深圳技师学院,22.544227,114.004735,
烟台工程职业技术学院,37.565871,121.232748,
宁德职业技术学院,27.099627,119.662326,
重庆工贸职业技术学院,29.65321,107.370405,
绵阳师范学院,31.456855,104.611734,
景德镇陶瓷职业技术学院,29.366344,117.241069,
湖南农业大学,28.185,113.088974,
华侨大学,泉州校区,24.940229,118.651759,
首都医科大学,39.870914,116.359532,
吉林工业职业技术学院,官山路,43.831485,126.579458,
青岛理工大学,临沂校区,35.261454,118.038159,
北京工商大学,39.725332,116.173829,
南京晓庄学院,方山校区,37.886688,111.337979,
华南理工大学,大学城校区,23.053981,113.413298,
河南理工大学万方学院,郑州,34.75661,113.649644,
长春师范大学,43.921209,125.402985,
鄂州职业学院,30.384439,114.895594,
成都中医药大学峨眉学院,29.58228,103.468297,
广东金融学院,23.092585,112.484007,
黔南民族幼儿师范高等专科学校,25.797097,107.547305,
黔南民族师范学院,26.272659,107.527259,
四川工商职业技术学院,30.984417,103.629218,
交通干部管理职业学院,37.446139,118.62969,
武汉轻工大学,金银湖校区,30.648964,114.170226,
首都师范大学,东区,22.276112,114.235394,
四川城市职业学院,眉山校区,30.061115,103.84143,
辽宁何氏医学院,41.920887,123.727223,
中国民航大学,39.112805,117.359398,
浙江农林大学,东湖校区,28.692375,115.910148,
包头医学院,东河校区,40.612547,109.988963,
浙江海洋学院东海科学技术学院,34.556383,118.79231,
东莞理工学院,松山湖校区,22.910113,113.881469,
济宁医学院,日照校区,35.460767,119.54606,
北京协和医科大学,39.917306,116.421244,
通化师范学院,41.75338,125.993441,
肇庆医学高等专科学校,鼎湖校区,23.207603,112.592259,
湖南应用技术学院,28.994874,111.700294,
泉州工艺美术职业学院,25.506926,118.241779,
澳门科技大学,22.15514,113.579583,
郧阳师范高等专科学校,32.561671,111.546296,
泰山学院,本部,36.210307,117.065161,
成都艺术职业技术学院,30.518967,103.61456,
北京石油化工学院,康庄,39.753932,116.333009,
毕节医学高等专科学校,27.238326,105.446922,
沈阳大学,41.832421,123.466918,
新疆能源职业技术学院,43.37381,88.312175,
宜宾职业学院,28.769675,104.633019,
广州医学院从化学院,23.55137,113.613027,
吉林铁道职业技术学院,东校区,43.873377,126.580947,
南华大学船山学院,30.5235,105.621528,
周口科技职业学院,33.598009,114.693771,
云南省轻工职业学院,24.864213,101.592952,
四川水利职业技术学院,30.637618,103.78489,
南通大学,钟秀校区,31.978862,120.915931,
广东技师师范学院北校区,21.280801,110.358314,
云南国土资源职业学校,阳宗海校区,24.919549,103.012372,
长江大学文理学院,城中区,36.606649,101.777361,
青岛农业大学,36.3252,120.402708,
莆田学院,25.451337,119.016814,
海南大学,城西校区,36.631636,101.727603,
山西老区职业技术学院,35.49086,112.878557,
兰州大学,36.051763,103.866501,
西宁城市职业技术学院,36.585033,101.840186,
青海大学,36.735527,101.75775,
云南师范大学,呈贡校区,24.871356,102.860924,
电子科技大学成都学院,30.689926,104.178681,
宝鸡职业技术学院,34.345554,107.303773,
北京信息科技大学,清河小营校区,39.998978,116.429906,
常熟理工学院,东南校区,31.642856,120.740955,
吉林财税高等专科学院,43.871988,126.564544,
中国政法大学,昌平校区,40.230587,116.254311,
景德镇陶瓷科学技术学院,29.303563,117.186523,
昌吉学院,新区,44.022319,87.260013,
河南林业职业学院,34.693555,112.505502,
佛山职业技术学院,23.029499,113.120018,
福建师范大学,旗山校区,26.042134,119.315693,
湖北商贸学院,30.466692,114.093501,
齐鲁医药学院,36.547904,117.854806,
江南大学,31.494022,120.279777,
南开大学滨海学院,38.868553,117.456346,
天津科技大学,滨海校区,34.092317,120.026609,
滨州职业学院,37.42125,118.005734,
铜仁学院,27.737339,109.207848,
首都师范大学,北区,22.522803,114.218796,
长春工业大学,北湖校区,25.679158,112.884476,
天津冶金职业技术学院,39.265953,117.120842,
西南大学,北碚校区,29.830418,106.433496,
西北工业大学,长安校区,34.250238,108.924276,
四川工商学院,团结校区,30.367481,102.89916,
延安大学,36.62749,109.469025,
北京科技大学天津学院,39.551153,117.398437,
广东外语外贸大学,大学城校区,23.205914,113.295796,
白银矿冶职业技术学院,36.570518,104.162075,
云南中医学院,白塔校区,41.279286,123.175163,
西安思源学院,34.241032,109.085016,
辽宁农业职业技术学院,40.190459,122.159583,
重庆工程学院,29.429827,106.601873,
澳门理工学院,22.197045,113.562963,
南昌职业学院,安义校区,28.850114,115.589102,
福建农林大学安溪茶学院,25.084805,118.238928,
昆明工业职业技术学院,24.900956,102.501653,
兰州城市学院,东校区,36.10085,103.70253,
定西师范高等专科学校,35.566235,104.599968,
塔里木大学,40.550532,81.304208,
齐齐哈尔医学院,47.382913,123.961415,
齐齐哈尔大学,东校区,47.35956,123.93677,
黑龙江农业经济学院,47.356592,128.047414,
黑龙江交通职业技术学院,47.348741,123.986708,
齐齐哈尔工程学院,47.309125,123.971661,
黑龙江工程职业学院,47.307545,123.97174,
绍兴文理学院,南山校区,47.298821,130.281765,
黑龙江中医药大学,佳木斯校区,46.81378,130.284735,
黑龙江农业职业技术学院,46.807096,130.406055,
佳木斯技师学院北校区,46.797575,130.328782,
佳木斯大学,46.791997,130.368449,
大庆职业学院,北校区,46.681755,125.155607,
绥化广播电视大学,46.646027,126.984099,
绥化学院,46.630399,126.983961,
哈尔滨医科大学,大庆校区,46.610358,125.17433,
大庆医学高等专科学校,46.606465,125.056927,
东北石油大学,46.598095,125.15579,
黑龙江八一农垦大学,46.593975,125.174953,
上海医疗器械高等专业学院,宝山,46.529228,131.564836,
哈尔滨师范大学,松北校区,45.941458,126.452271,
黑龙江财经学院,45.884562,126.498446,
哈尔滨信息工程学院,45.881861,126.513194,
哈尔滨华德学院,45.881826,126.547535,
黑龙江建筑职业技术学院,45.878322,126.512084,
东北农业大学成栋学院,45.877268,126.533877,
黑龙江生物科技职业学院,45.873084,126.531837,
哈尔滨远东理工学院,45.871835,126.536778,
哈尔滨师范大学恒星学院,45.862509,126.557155,
黑龙江外国语学院,45.862281,126.557211,
黑龙江科技大学,45.825764,126.65887,
哈尔滨市职工大学,45.779436,126.643475,
哈尔滨护士学校,45.773225,126.657717,
哈尔滨科学技术职业学院,45.773138,126.645735,
哈尔滨体育学院,45.76623,126.683881,
哈尔滨职业技术学院,45.750053,126.60566,
省法官学院,45.749377,126.697011,
东北农业大学,45.748733,126.735445,
哈尔滨华夏计算机职业技术学院,45.747056,126.699103,
哈尔滨电力职业技术学院,45.740568,126.704717,
黑龙江第二技师学院,45.740189,126.644579,
黑龙江艺术职业学院,45.738247,126.626181,
黑龙江广播电视大学电大分校,45.737295,126.626088,
黑龙江广播电视大学,45.737235,126.625727,
黑龙江中医药大学,45.732072,126.654798,
哈尔滨金融高等专科学校,45.729439,126.739064,
哈尔滨金融学院,新校区,45.729047,126.742924,
东北林业大学,45.726582,126.644728,
黑龙江省工商职业技术学院,45.722559,126.61715,
黑龙江职业学院,45.722425,126.615504,
哈尔滨理工大学,45.720959,126.623249,
哈尔滨理工大学,东校区,45.720959,126.623249,
黑龙江生态工程职业学院,45.717111,126.63045,
黑龙江大学,主校区,45.714492,126.625392,
哈尔滨学院,45.71256,126.613229,
哈尔滨医科大学,45.708324,126.62696,
哈尔滨铁道职业技术学院,45.704878,126.63316,
哈尔滨外国语学院,45.690855,126.700106,
黑龙江省工会干部学院,45.681614,126.627545,
黑龙江农业工程职业学院,45.678819,126.559515,
黑龙江民族职业学院,45.675066,126.655535,
黑龙江信息技术职业学院,45.669429,126.630321,
黑龙江东方学院,45.667853,126.625565,
黑龙江大学剑桥学院,45.659996,126.660998,
哈尔滨应用职业技术学院,45.656915,126.428515,
黑龙江江南职业技术学院,45.646651,126.806942,
哈尔滨传媒职业学院,45.585001,126.524428,
湖北科技学院,温泉校区,44.96882,80.952156,
咸宁职业技术学院,温泉校区,44.96882,80.952156,
牡丹江林区电视大学,44.616154,129.628516,
牡丹江医学院,44.610687,129.586355,
黑龙江幼儿师范高等专科学校,44.6083,129.597364,
牡丹江技师学院,44.600878,129.584651,
牡丹江大学,校本部,44.598397,129.578008,
黑龙江商业职业学院,东校区,44.597189,129.595019,
黑龙江林业职业技术学院,44.595694,129.573889,
新疆石河子职业技术学院,44.308259,86.041865,
吉林农业科技学院左家校区,44.057887,126.115928,
北华大学师范分院,44.025829,126.163531,
新疆农业职业技术学院,44.022046,87.327036,
新疆农业职业技术学院,分院,44.022046,87.327036,
省师范大学,44.021441,126.17057,
昌吉职业技术学院,44.007949,87.311561,
吉林农业科技学院,43.962286,126.485636,
吉林俄语学院,43.950638,125.289198,
新疆交通职业技术学院,43.947013,87.642114,
北华大学,东校区,43.931017,126.572059,
北华大学,南校区,43.931017,126.572059,
北华大学北校区,43.930469,126.574349,
吉林电子信息职业技术学院,东校区,43.929298,126.56805,
吉林电子信息职业技术学院,北校区,43.929298,126.56805,
吉林电子信息职业技术学院,主校区,43.929298,126.56805,
新疆轻工职业技术学院,南校区,43.92663,87.637246,
新疆轻工职业技术学院,43.92663,87.637246,
吉林公共关系专修学院,43.920331,125.359483,
长春市技师学院,43.910893,125.245688,
长春广播电视大学,43.910766,125.324359,
吉林建筑大学城建学院,43.909474,125.231913,
空军航空大学西安大路分校,43.908843,125.280399,
吉林化工学院,龙北路,43.906463,126.625332,
长春建筑职工业余大学,43.903637,125.260704,
长春职工医科大学,新发路,43.900441,125.321547,
长春教育学院,43.899603,125.320116,
吉林工商学院,西安大路校区,43.894229,125.280655,
吉林工商学院,卡伦湖校区,43.894229,125.280655,
长春职工大学,43.894089,125.333804,
长春医学高等专科学校,43.891449,125.435183,
长春中医药大学,43.891014,125.317505,
长春师范大学乐群校区,43.89069,125.397494,
新疆财经大学,43.88936,87.555939,
吉林大学,朝阳校区,43.889209,125.326331,
新疆建设职业技术学院,43.888113,87.549713,
新疆铁道职业技术学院,43.883297,87.561589,
长春大学光华学院,A区,43.882822,125.440651,
长春大学光华学院,B区,43.882822,125.440651,
吉林工程技术师范学院,南校区,43.881706,125.289574,
长春行政学院,43.879604,125.341384,
吉林铁路运输职工大学,43.879417,126.601959,
湖南高速铁路职业技术学院东校区,43.879409,126.601969,
吉林市广播电视大学,43.878755,126.575942,
吉林铁道职业技术学院,43.873377,126.580947,
吉林加拿大泰尔弗国际商学院,43.873294,126.580864,
吉林科技职业技术学院,43.873066,125.518852,
吉林建筑装饰学院,43.871988,126.564544,
吉林社会主义学院,43.871988,126.564544,
吉林机电工程学院,43.871988,126.564544,
吉刚汽车学院,43.87073,125.393261,
吉林艺术学院,自由大路分校,43.870357,125.323362,
吉林艺术学院音乐学院,同志街校区,43.870151,125.323171,
吉林体育学院,自由大路校区,43.867802,125.346402,
东北师范大学,本部,43.867541,125.337976,
乌鲁木齐职业大学,青年路校区,43.865815,87.431078,
乌鲁木齐职业大学,本部,43.865815,87.431078,
乌鲁木齐职业大学,头屯河校区,43.865815,87.431078,
吉林艺术学院,红旗街校区,43.865653,125.28881,
新疆现代职业技术学院,43.863953,87.447611,
新疆医科大学厚博学院,43.858784,87.589882,
吉林大学,南岭校区,43.858661,125.339217,
长春工程学院,湖西校区,43.858492,125.29081,
长春工程学院,东校区,43.858492,125.29081,
吉林工商管理专修学院,莲安胡同,43.857553,126.598458,
吉林职工医科大学,43.856959,126.557997,
吉林市经济管理学院,43.855268,126.554799,
吉林大学,前卫南区,43.854272,125.300576,
吉林大学北区,43.854272,125.300576,
大连港务专修学院吉林分院,43.853053,126.552657,
吉林神哲学院,43.852955,126.615194,
新疆工程学院,头屯河校区,43.849242,87.417862,
长春理工大学高新校区,43.848738,125.191834,
吉林交通职业技术学院,43.847227,125.272567,
长春金融高等专科学校,43.844869,125.334864,
新疆医科大学,43.843865,(本部）,87.586063
长春理工大学,东校区,43.841725,125.317234,
长春理工大学,西校区,43.841725,125.317234,
长春理工大学研究生院,43.841725,125.317234,
吉林中医药大学,43.841483,125.426319,
长春大学,东校区,43.840175,125.327992,
长春大学,西校区,43.840175,125.327992,
中国环境干部管理学院,43.839866,125.331795,
新疆师范大学,昆仑校区,43.839828,87.600303,
吉林省经济管理干部学院,43.839522,125.290241,
长春职业技术学院,43.837038,125.373529,
东北师范大学,净月校区,43.835745,125.431988,
长春汽车工业高等专科学校,43.835718,125.152498,
长春工业大学林园校区,43.834389,125.305588,
吉林警察学院,43.832722,125.420617,
东北电力大学,新校区,43.832311,126.519348,
东北电力大学,老校区,43.832311,126.519348,
吉林省教育学院南校区,43.831943,125.331461,
东北师范大学人文学院,43.828937,125.418692,
新疆教育学院,东校区,43.828139,87.639426,
吉林华桥外国语学院,43.827863,125.447066,
长春东方大学,43.826943,125.41813,
吉林动画学院,43.826681,125.269334,
吉林市职工大学,43.82666,126.55334,
吉林财经大学,43.825581,125.437785,
长春建筑学院,新校区,43.823631,125.286753,
长春理工大学光电信息学院,本部,43.823592,125.265471,
长春理工大学光电信息学院,达新校区,43.823592,125.265471,
吉林传播学院,43.823439,126.56677,
新疆农业大学科学技术学院,43.823338,87.576584,
新疆工程学院,43.820615,87.587033,
新疆农业大学,43.818547,87.573015,
吉林科技大学,43.818125,126.552589,
吉林农业大学,43.81698,125.418193,
新疆职业大学,迎宾校区,43.815586,87.60176,
吉林医药学院,43.810837,126.571191,
吉林大学净月校区,43.805455,125.468291,
吉林建筑大学,43.801768,125.413674,
长春财经学院,43.795538,125.421005,
长春工业大学人文信息学院,43.787667,125.434823,
吉林师范大学,长春校区,43.785448,125.220498,
新疆天山职业技术学院,43.78386,87.632903,
长春信息技术职业学院,43.780662,125.219411,
新疆艺术学院,43.777403,87.634881,
新疆大学,南校区,43.771629,87.625039,
新疆大学,北校区,43.771629,87.625039,
新疆体育职业技术学院,43.761065,87.656781,
新疆警察学院,南校区,43.751892,87.642817,
新疆警察学院,北校区,43.751892,87.642817,
新疆大学科学技术学院,43.746142,87.634859,
科尔沁艺术职业学院,43.688018,122.266078,
通辽职业学院,43.686977,122.256829,
长春科技学院,43.542135,125.676402,
吉林广播电视大学四平分校,43.180228,124.361492,
吉林农业工程职业技术学院,43.172093,124.423448,
吉林师范大学,四平校区,43.162924,124.350798,
四平职业大学,43.097691,124.437964,
西安财经行知学院,42.986365,125.150149,
西安铁道技师学院,42.924599,125.16167,
延边大学,42.916793,129.499039,
铁岭卫生职业学院,42.253484,123.75382,
辽宁工程职业学院,42.248648,123.75615,
辽宁城市建设职业技术学院,41.951872,123.498378,
辽宁金融职业学院,41.944813,123.524904,
辽宁经济管理干部学院,41.943745,123.499676,
辽宁交通高等专科学校,41.943045,123.517463,
辽宁现代服务职业技术学院,41.939655,123.597083,
沈阳航空航天大学,41.931731,123.411682,
辽宁传媒学院,41.929372,123.422818,
辽宁广告职业学院,41.925589,123.35569,
沈阳工程学院,41.924936,123.425612,
辽宁装备制造职业技术学院,41.916943,123.599511,
沈阳师范大学海华学院,41.91384,123.42138,
沈阳医学院,41.894236,123.416236,
沈阳职业技术学院,41.87662,123.502047,
沈阳理工大学,41.876544,123.499084,
辽宁石油化工大学,41.86455,123.797369,
沈阳北方软件学院,41.86072,123.424598,
沈阳体育学院,41.848728,123.443471,
辽宁大学,蒲河校区,41.840067,123.41158,
辽宁民族师范高等专科学校,41.838737,123.456632,
辽宁中医药大学杏林学院,41.838263,123.44191,
辽宁中医药大学,沈阳,41.837165,123.440075,
沈阳农业大学,41.833628,123.574466,
沈阳理工继续教育学院,41.808645,123.432791,
沈阳警官学校,41.803227,123.305443,
中国医科大学理工学部,41.799727,123.418713,
中国医科大学,41.798886,123.418904,
中国医科大学,沈北校区,41.798886,123.418904,
辽宁冶金职工大学,41.792965,123.373171,
抚顺职业技术学院,41.790528,123.699707,
沈阳工业大学,中央校区,41.788208,123.356735,
鲁迅美术学院,沈阳,41.782432,123.43744,
沈阳药科大学高职,41.774977,123.452604,
沈阳药科大学,南校区,41.774977,123.452604,
沈阳音乐学院,沈阳校区,41.773902,123.438241,
沈阳音乐学院,南校区,41.773902,123.438241,
东北大学,浑南校区,41.770862,123.42601,
辽宁金杯技师学院,华文校区,41.770517,123.45906,
沈阳化工大学,41.753975,123.241727,
通化师范学院分校,41.75338,125.993441,
沈阳建筑大学,41.749414,123.52182,
通化高等职业技术学院,41.726048,125.976652,
通化医药学院,41.725561,125.980845,
沈阳城市建设学院,41.683054,123.42259,
沈阳化工大学科亚学院,41.679121,123.427099,
辽宁水利职业技术学院,41.6216,122.753592,
辽宁理工学院,开发区校区,41.6216,122.753592,
本溪广播电视大学,41.299602,123.770857,
辽阳职业技术学院,41.294724,123.169345,
辽宁科技学院,41.290327,123.8029,
沈阳工业大学,辽阳校区,41.273339,123.172451,
辽宁建筑职业学院,41.261333,123.170806,
辽宁大学外国语学院,41.260706,123.181772,
辽宁医学院,41.155868,121.149643,
辽宁医学院畜牧学院,41.155868,121.149643,
辽宁林业职业技术学院,鞍山教学区,41.152531,122.929767,
锦州师范高等专科学校北区,41.152154,121.167752,
辽宁铁道职业技术学院,41.150251,121.156633,
辽宁石化职业技术学院,41.141715,121.128253,
锦州师范高等专科学校,41.121154,121.182132,
锦州电视大学,41.121012,121.18215,
渤海大学,41.12079,121.165648,
鞍山师范高等职业技术学院,41.118744,123.007763,
辽宁科技大学,41.109939,123.067149,
辽宁科技大学应用技术学校,41.109939,123.067149,
辽宁科技大学,营口大学园,41.109939,123.067149,
辽宁医学院医疗学院,41.094454,121.111147,
承德医学院,双桥区,41.039312,117.961893,
承德卫校,双桥区,40.971406,117.948355,
内蒙古化工职业学院,新校区,40.913077,111.858419,
内蒙古机电职业技术学院,40.911581,111.853002,
河北旅游职业学院,40.906017,117.955002,
内蒙古北方职业技术学院,新校区,40.903513,111.851746,
内蒙古经贸外语职业学院,40.899874,111.701659,
内蒙古能源职业学院,40.899402,111.701589,
河北民族师范学院,40.898696,117.964619,
内蒙古师范大学青年政治学院,40.882492,111.644105,
内蒙古警察职业学院,40.87662,111.702462,
辽宁理工职业学院,开发区校区,40.864389,121.079288,
内蒙古体育职业学院,40.864263,111.681558,
内蒙古财经大学,本部,40.86266,111.636541,
内蒙古师范大学鸿德学院,40.854559,111.786343,
内蒙古工业大学,新城校区,40.853227,111.690351,
张家口学院,40.849182,114.875558,
呼和浩特民族学院,40.849111,111.665507,
呼和浩特职业学院,通道北路,40.846385,111.663447,
呼和浩特职业学院,新校区,40.846385,111.663447,
内蒙古广播电视大学,40.840897,111.735615,
内蒙古大学艺术学院,40.836084,111.707094,
河北北方学院,40.835864,114.898153,
内蒙古电子信息职业技术学院附属中专,40.835553,111.732893,
内蒙古电子信息职业技术学院,40.835553,111.732893,
河北建筑工程学院,40.831815,114.90418,
内蒙古商贸职业学院,40.82842,111.725793,
内蒙古建筑职业技术学院,北校区,40.822044,111.645828,
内蒙古大学,北校区,40.818265,111.697127,
内蒙古大学,东校区,40.818265,111.697127,
内蒙古大学,南校区,40.818265,111.697127,
内蒙古农业大学,东校区,40.816516,111.717574,
内蒙古农业大学,西校区,40.816516,111.717574,
内蒙古农业大学,南校区,40.816516,111.717574,
内蒙古农业大学,新校区,40.816516,111.717574,
内蒙古师范大学,昭乌达路,40.809924,111.70185,
内蒙古师范大学,盛乐校区,40.809924,111.70185,
张家口职业技术学院,40.739056,114.92215,
营口大学,东区,40.668651,122.233391,
中国海洋大学,鱼山校区,40.663983,109.824623,
包头师范学院,40.660849,109.890997,
营口职业技术学院东校区,40.660579,122.257793,
营口职业技术学院西校区,40.660579,122.257793,
广西经贸职业技术学院,青山校区,40.658778,109.903675,
包头市艺术学校,40.655786,109.892616,
包头职业技术学院,新校区,40.649592,109.958877,
包头职业技术学院,旧校区,40.649592,109.958877,
包头轻工职业技术学院,新校区,40.642834,109.954191,
辽宁石油化工大学,营口大学园,40.637231,122.252048,
包头钢铁职业技术学院,40.630318,109.842473,
辽宁工程技术大学,葫芦岛校区,40.628877,120.786759,
内蒙古科技大学,40.626302,109.840505,
北京交通职业技术学院,40.233956,116.210078,
北京劳动保障职业学院,昌平,40.231285,116.192171,
中国石油大学（北京）,昌平校区,40.228575,116.255185,
北京联合大学,昌平校区,40.228575,116.255185,
北京化工大学,昌平校区,40.221324,116.264829,
北京汇佳职业技术学院,40.203247,116.253191,
北京吉利大学,40.18305,116.171386,
北京航空航天大学,昌平区,40.161051,116.282134,
辽东学院,北校区,40.157814,124.435797,
北京邮电大学,宏福校区,40.112419,116.379529,
北京农学院,40.099921,116.315064,
华北电力大学,北京校区,40.094703,116.315372,
北京城市学院,航天城校区,40.077746,116.276829,
辽宁机电职业技术学院,40.039892,124.348207,
大同大学煤炭工程学院,40.038381,113.181846,
大同煤炭职业技术学院,40.028877,113.190299,
北京体育大学,40.028406,116.324597,
北京培黎职业学院,40.026075,116.353792,
中国农业大学,东校区,40.013276,116.360823,
北京林业大学,40.009585,116.351101,
中国矿业大学（北京）,40.003136,116.356881,
中华女子学院,朝阳校区,40.000569,116.441932,
中华女子学院,松竹公寓,40.000569,116.441932,
中华女子学院,北校区,40.000569,116.441932,
北京语言大学,40.000342,116.352193,
北京联合大学北院,39.998695,116.433842,
北京大学,海淀校区,39.997753,116.316167,
北京大学,医学部,39.997753,116.316167,
北京科技大学,39.997184,116.367295,
中国地质大学（北京）,北京,39.996157,116.353032,
北京信息科技大学,健翔桥,39.995309,116.388837,
北京劳动保障职业学院,39.991824,116.429948,
北京航空航天大学,39.989912,116.356373,
北京经济管理职业学院,39.989711,116.481092,
中央美术学院,39.989664,116.470665,
对外经济贸易大学,39.985466,116.435389,
北京联合大学应用文理学院,39.983025,116.362117,
北京服装学院,朝阳校区,39.980013,116.437137,
北京服装学院,北校区,39.980013,116.437137,
北京中医药大学,西校区,39.977302,116.434474,
北京中医药大学,东校区,39.977302,116.434474,
北京中医药大学,良乡校区,39.977302,116.434474,
廊坊燕京职业技术学院,39.976423,116.997084,
中国人民大学,39.97612,116.321712,
北京科技经营管理学院,39.971173,116.315368,
北京邮电大学,海淀校区,39.969149,116.363429,
北京师范大学,39.96724,116.373749,
北京理工大学,中关村校区,39.966791,116.323202,
北京理工大学珠海学院,39.966791,116.323202,
北京电子科技职业学院,39.965836,116.508392,
中央财经大学,39.965013,116.348778,
北京外国语大学,39.961456,116.317887,
防灾科技学院,39.961063,116.806717,
北京交通大学,39.957862,116.34985,
北京城市学院,清泉,39.95743,116.336053,
中央民族大学,39.956908,116.326833,
中国青年政治学院,39.956688,116.314801,
北京交通大学海滨学院,39.95589,116.351972,
北京化工大学,东校区,39.948283,116.308411,
中央戏剧学院,39.942368,116.411123,
北京工商大学嘉华学院,39.941193,116.740639,
北京建筑大学,展览路校区,39.94059,116.347603,
桂林医学院,东城校区,39.938574,116.421885,
河北科技师范学院,主校区,39.937537,119.531976,
河北科技师范学院,开发区校区,39.937537,119.531976,
首都师范大学,本部,39.936756,116.31305,
北京联合大学,校本部,39.936343,116.464849,
中国劳动关系学院,39.934845,116.323132,
北方工业大学,39.934611,116.214768,
北京外交学院,昌平校区,39.932033,116.352765,
北京外交学院,展览路校区,39.932033,116.352765,
北京华文学院,39.930176,116.345181,
北京社会管理职业学院,39.929986,116.395645,
北京财政经贸学院,39.929986,116.395645,
北京农业职业技术学院,39.929986,116.395645,
东北大学秦皇岛分校,39.928971,119.56263,
北京财贸职业学院东四校区,39.928288,116.431143,
北京政法职业学院,39.924213,116.610869,
北京第二外国语学院,39.919119,116.570015,
中国传媒大学,39.918801,116.564094,
河北建材职业技术学院,东校区,39.917775,119.566046,
河北建材职业技术学院,欧美校区,39.917775,119.566046,
河北建材职业技术学院,主校区,39.917775,119.566046,
燕山大学,东校区,39.912534,119.534565,
燕山大学,西校区,39.912534,119.534565,
中央音乐学院,39.908191,116.365057,
中国人民公安大学,39.907682,116.342667,
东北石油大学秦皇岛分校,39.905239,119.532758,
北京现代音乐研修学院,39.880452,116.658191,
北京工业大学,朝阳校区,39.879702,116.487245,
火炬职业技术学院,39.844166,119.489649,
秦皇岛职业技术学院,39.842713,119.487919,
北京工业大学,通州分校,39.809815,116.740079,
北京邮电大学世纪学院,39.796187,116.289776,
首都师范大学科德学院,39.791215,116.303909,
北京建筑大学,大兴校区,39.75511,116.292065,
北京石油化工学院,清源校区,39.753932,116.333009,
北京印刷学院,主校区,39.749853,116.335648,
北京联合大学商务学院,39.742004,116.144932,
北京理工大学,良乡校区,39.737562,116.176621,
北京工商大学,良乡校区,39.725332,116.173829,
中国防卫科技学院信息安全学院,39.724215,116.348312,
首都师范大学,良乡校区,39.719943,116.181561,
华北理工轻工学院,路北区,39.68487,118.166821,
唐山师范学院,大学道校区,39.679652,118.181119,
唐山师范学院,学院路校区,39.679652,118.181119,
唐山工业职业技术学院,南校区,39.668423,118.218713,
唐山学院,南校区,39.664006,118.177317,
唐山学院,东校区,39.664006,118.177317,
唐山学院,荷花坑校区,39.664006,118.177317,
唐山学院,龙泽路校区,39.664006,118.177317,
北京大学,大兴校区,39.65279,116.425195,
河北科技大学唐山分校,39.650531,118.183451,
河北能源职业技术学院,39.637747,118.133089,
唐山职业技术学院,东院,39.630004,118.13987,
唐山职业技术学院,本部,39.630004,118.13987,
北京经济技术职业学院,39.623659,116.750128,
北京中医药大学,廊坊校区,39.620993,116.750228,
廊坊职业技术学院,大学城校区,39.620361,116.745916,
廊坊东方职业技术学院,39.600736,116.755803,
北京中医药大学东方学院,渤海校区,39.597455,116.761217,
河北工业大学,39.551336,116.711484,
河北石油职业技术学院,39.527043,116.68749,
河北工业大学,北辰校区,39.239488,117.067592,
大连装备制造职业技术学院,39.208383,121.712297,
天津城市建设管理职业技术学院,39.198778,117.115141,
河北工业大学,红桥校区,39.184213,117.173121,
天津工艺美术职业学院,39.180063,117.230119,
天津铁道职业技术学院,39.17778,117.227195,
天津电子信息职业技术学院,39.176912,117.170396,
天津美术学院,39.169445,117.204323,
天津城市职业学院,39.166163,117.254984,
天津商业大学,39.159831,117.143938,
天津交通职业学院,39.157182,117.083397,
天津国土资源和房屋管理学院,39.14393,117.210813,
天津理工大学中环信息学院,39.132978,117.025131,
大连经贸外语学院,39.131953,121.736929,
天津海运职业学院,39.12984,117.218474,
天津广播影视职业学院,39.12701,117.121427,
湖南工业大学,河东校区,39.126626,117.261693,
吉林大学,和平校区,39.124809,117.202814,
吉林工商学院和平校区,39.124809,117.202814,
天津中医药大学,39.12235,117.184503,
天津商务职业学院,39.116634,117.240758,
天津大学,39.114898,117.181503,
天津外国语大学,河西校区,39.114793,117.215752,
天津外国语大学,大港校区,39.114793,117.215752,
天津医科大学,39.112104,117.191032,
大连大学,39.106597,121.828245,
天津师范大学,39.105696,117.18924,
天津中德职业技术学院,39.101639,117.171669,
天津城建大学,39.101387,117.102684,
大连艺术学院,39.100596,121.840617,
天津农学院,东校区,39.097368,117.106989,
天津商业大学宝德学院,39.096515,117.099821,
天津艺术职业学院,39.095164,117.184528,
天津理工大学,39.094003,117.158429,
大连财经学院,39.092178,121.838239,
鲁迅美术学院,大连,39.089718,121.999987,
天津公安警官职业学院,39.088442,117.16451,
天津青年职业学院,39.087099,117.164058,
沈阳音乐学院,大连校区,39.086293,121.991201,
大连商务职业学院,39.08597,121.746881,
辽宁轻工职业学院,39.0854,121.747031,
湖南工业大学,河西校区,39.084494,117.236165,
绍兴文理学院,河西校区,39.084494,117.236165,
天津体育学院,39.081541,117.194164,
天津生物工程职业技术学院,39.079725,117.548734,
天津医学高等专科学校,39.078726,117.294212,
天津渤海职业技术学院,39.078452,117.227594,
大连理工大学城市学院,39.077615,121.775903,
天津科技大学,河西校区,39.076165,117.278241,
辽宁中医药大学,大连,39.069924,121.888196,
天津财经大学,39.06729,117.284918,
天津财经大学珠江学院,39.06729,117.284918,
辽宁工程技术大学,北校区,39.056744,121.786371,
辽宁工程技术大学,南校区,39.056744,121.786371,
大连民族大学,开发区,39.051122,121.781713,
大连民族大学,金石滩,39.051122,121.781713,
天津滨海职业学院,北区,39.035699,117.656861,
天津滨海职业学院,南区,39.035699,117.656861,
大连职业技术学院,39.027638,121.495846,
天津轻工职业技术学院,39.027565,117.380641,
天津现代职业技术学院,39.02535,117.375331,
南开大学,津南新校区,38.969791,117.39291,
大连轻工学校,38.94871,121.593478,
大连汽车职业技术学院,38.94871,121.593478,
大连科技大学,38.94871,121.593478,
大连航运学院,38.94871,121.593478,
大连软件职业学院,38.94122,121.50429,
大连交通大学,东校区,38.930241,121.593023,
大连医科大学中山学院,38.926587,121.657496,
河北金融学院,38.92554,115.505263,
辽宁师范大学,沙河口校区,38.924518,121.569027,
中国人民解放军外国语学院大连分院,38.9172,121.651255,
大连东软信息学院,38.896713,121.541758,
华北电力大学科技学院,38.892355,115.496357,
天津大学仁爱学院,38.891218,117.163396,
中央司法警官学院,38.887138,115.520976,
保定学院,38.886686,115.584311,
保定职业技术学院,东校区,38.886101,115.526171,
保定职业技术学院,西校区,38.886101,115.526171,
东北财经大学,38.884036,121.557633,
东北财经大学,营口大学园,38.884036,121.557633,
华北电力大学,一校区,38.882888,115.512299,
华北电力大学,二校区,38.882888,115.512299,
河北大学,新区,38.876309,115.522533,
河北大学,医学部,38.876309,115.522533,
大连海洋大学,渤海校区,38.874512,121.561809,
大连海洋大学,38.874512,121.561809,
天津医科大学临床医学院,38.873183,117.469763,
河北软件职业技术学院,东校区,38.873091,115.517138,
河北软件职业技术学院,西校区,38.873091,115.517138,
河北农业大学,东校区,38.85635,115.489996,
中国地质大学长城学院,38.821436,115.493304,
河北科技学院,38.820564,115.498772,
大连外国语大学,38.815835,121.317619,
大连医科大学,38.811918,121.32187,
天津工程职业技术学院,38.730618,117.507188,
甘肃有色冶金职业技术学院,38.557383,102.189023,
宁夏艺术职业学院,38.521666,106.128976,
中国矿业大学银川学院,38.519501,106.158677,
宁夏财经职业技术学院,38.517274,106.134154,
宁夏建设职业技术学院,38.511381,106.149436,
宁夏司法警官职业学院,38.511205,106.153006,
宁夏工商职业技术学院,38.509388,106.308099,
宁夏大学新华学院,38.505534,106.126612,
宁夏工业职业学院,38.503212,106.136101,
宁夏大学A校区,38.502246,106.145448,
宁夏大学B校区,38.502246,106.145448,
宁夏大学C校区,38.502246,106.145448,
宁夏大学南校区,38.478025,106.232918,
宁夏医科大学双怡校区,38.44463,106.284684,
宁夏医科大学,雁湖校区,38.443494,106.281592,
河北农业大学,黄骅校区,38.401522,117.400217,
宁夏防沙治沙职业技术学院,38.330963,106.174008,
河北工程技术高等专科学校,38.301637,116.806712,
沧州医学高等专科学校,38.294347,116.809229,
沧州师范学院,38.293075,116.789657,
榆林职业技术学院,38.229768,109.774737,
石家庄工程职业学院,38.177312,114.445285,
石家庄财经职业学院,38.174619,114.444407,
石家庄科技工程职业学院,38.1658,114.573746,
河北政法职业学院,新校区,38.146434,114.468736,
河北政法职业学院,西校区,38.146434,114.468736,
河北经贸大学经济管理学院南校区,38.141371,114.501883,
河北经贸大学,北院,38.141371,114.501883,
河北体育学院,38.129213,114.507269,
内蒙古医科大学,新华校区,38.117219,114.453501,
甘肃职业技术学院,38.103267,102.457625,
河北传媒学院,南校区,38.101638,114.436992,
河北传媒学院,北校区,38.101638,114.436992,
河北传媒学院,新校区,38.101638,114.436992,
石家庄铁路职业技术学院,北校区,38.094283,114.533007,
石家庄柯棣华医学中专,38.066338,114.423039,
石家庄医学高等专科学校,38.062308,114.417132,
石家庄理工职业学院,38.058923,114.357849,
石家庄幼儿师范高等专科学校,38.054202,114.352761,
河北医科大学,38.053827,114.542519,
河北医科大学,38.053827,基础学院,114.542519
河北轨道职业技术学院,西校区,38.051647,114.413758,
石家庄信息工程职业技术学院,北校区,38.051647,114.413758,
河北轨道职业技术学院,东校区,38.051647,114.413758,
石家庄职业技术学院,38.04992,114.409958,
泊头职业学院,石家庄校区,38.048958,114.522082,
石家庄铁路职业技术学院南校区,38.048958,114.522082,
石家庄信息工程职业学院,南校区,38.042411,114.604662,
石家庄科技职业学院,38.041976,114.69913,
河北科技大学,新校区,38.039277,114.521654,
河北科技大学理工学院,38.039177,114.618159,
石家庄经济学院,38.026607,114.534536,
石家庄经济学院华信学院,38.026607,114.534536,
石家庄邮电职业技术学院,西校区,38.023755,114.538005,
石家庄邮电职业技术学院,东校区,38.023755,114.538005,
河北医科大学临床学院,38.022415,114.555165,
中北大学信息商务学院,38.022147,112.461803,
河北经贸大学经济管理学院西校区,38.020987,114.464614,
河北工业职业技术学院北校区,38.020927,114.467537,
河北交通职业技术学院,西校区,38.018699,114.457346,
河北交通职业技术学院,东校区,38.018699,114.457346,
中北大学,38.016247,112.449318,
河北中医学院,38.013442,114.460298,
石家庄科技信息职业学院,38.01098,114.460726,
河北师范大学,38.006807,114.527639,
河北公安警察职业学院,38.006264,114.477851,
河北女子职业技术学院,38.005531,114.455192,
石家庄城市职业学院,38.002613,114.46812,
河北外国语学院,38.002367,114.462749,
石家庄工商职业学院,38.00116,114.478492,
石家庄人民医学高等专科学校,37.999187,114.462154,
河北师范大学汇华学院南校区,37.996463,114.475225,
河北师范大学汇华学院北校区,37.996463,114.475225,
河北化工医药职业技术学院,37.995789,114.611311,
河北工程技术学院,37.989531,114.47301,
太原工业学院,37.963157,112.545963,
山西金融职业学院,37.960862,112.53627,
武威职业学院,37.937404,102.612973,
太原城市职业技术学院,37.895804,112.535368,
太原学院,新校区,37.890029,112.579355,
山西工程职业技术学院,37.887085,112.556175,
山西轻工职业技术学院,37.88632,112.621162,
山西大学,大东关校区,37.880983,112.598697,
太原科技大学,主校区,37.880804,112.499051,
太原科技大学,南校区,37.880804,112.499051,
山西传媒学院,37.870167,112.610994,
山西师范大学,37.85809,112.517443,
山西医科大学,新校区,37.856728,112.56122,
山西职工医学院,37.851924,112.584376,
山西财经大学北校区,37.845117,112.561181,
山西财经大学,北校区,37.845117,112.561181,
山西金融职业学院南校区,37.840889,112.540674,
太原旅游职业学院,37.837603,112.58788,
山西警官高等专科学校,37.832724,112.530643,
山西警官职业学院,37.828307,112.602251,
山西国际商务职业学院,37.816274,112.60724,
山西旅游职业学院,37.808934,112.625687,
山西大学,坞城校区,37.805526,112.594337,
山西财经大学,坞城校区,37.798479,112.592031,
山西体育职业学院,37.786267,112.569832,
山西电力职业技术学院,37.783706,112.49616,
山西药科职业学院,37.781959,112.659564,
山西工商学院,37.772993,112.585761,
山西交通职业技术学院,文华校区,37.759004,112.668372,
山西能源学院,37.757816,112.742419,
太原师范学院,榆次区,37.751802,112.71568,
山西中医学院,37.751498,112.738828,
太原理工大学,迎西校区,37.749888,112.72797,
太原理工大学,明向校区,37.749888,112.72797,
太原理工大学现代文理学院,37.749888,112.72797,
山西大学商务学院,37.74958,112.672442,
山西建筑职业技术学院,37.747799,112.710765,
山西建筑职业技术学院,榆次校区,37.747799,112.710765,
晋中学院,37.746852,112.727812,
山西农业大学信息学院,37.74352,112.682319,
山西经贸职业学院南校区,37.734308,112.454929,
晋中师范高等专科学校,37.731341,112.740961,
山西青年职业学院,37.704693,112.608854,
晋中职业技术学院,37.69612,112.722474,
山西煤炭职业技术学院,37.686514,112.612163,
甘肃畜牧工程职业技术学院,37.683594,102.852089,
山西华澳商贸职业学院,37.679053,112.646863,
山西职业技术学院,主校区,37.673203,112.703859,
山西职业技术学院,西校区,37.673203,112.703859,
山西职业技术学院,长风校区,37.673203,112.703859,
山西职业技术学院,37.673203,112.703859,
山西应用科技学院,37.629041,112.581197,
哈尔滨工业大学,威海,37.542309,122.086984,
山东大学,软件园,37.537709,122.070355,
山东大学,兴隆山,37.537709,122.070355,
山东大学,威海分校,37.537709,122.070355,
烟台职业技术学院,37.536562,121.309555,
鲁东大学,东校区,37.528498,121.365584,
威海职业学院,37.517152,122.111034,
山东工商学院,东校区,37.491969,121.45417,
山东工商学院,西校区,37.491969,121.45417,
烟台大学,南校区,37.479635,121.464784,
中国石油大学（华东）,37.472454,118.54907,
滨州医学院,烟台校区,37.464352,121.46854,
烟台大学文经学院,37.461111,121.482599,
山东服装职业学院,37.446139,118.62969,
滨州学院,滨城区,37.391123,117.99568,
滨州医学院,37.378712,118.019591,
宁夏师范大学,37.321323,106.155481,
宁夏理工大学,37.321323,106.155481,
宁夏民族职业技术学校,37.321323,106.155481,
河北机电职业技术学院,37.100784,114.465731,
邢台医学高等专科学校,37.095112,114.468264,
邢台医学高等专科学校,皇寺校区,37.095112,114.468264,
邢台职业技术学院,37.090878,114.466767,
威海海洋职业学院,37.069752,122.445928,
邢台学院,37.051393,114.527793,
北京邮电大学,沙河校区,36.938635,114.283093,
电子科技大学,沙河校区,36.938635,114.283093,
淄博职业学院,36.824926,118.035698,
山东协和学院,遥墙,36.824742,117.191483,
山东理工大学,西校区,36.816597,118.005893,
山东理工大学,东校区,36.816597,118.005893,
山东轻工职业学院,36.782459,117.867001,
山东铝业职业学院?,36.761638,118.0545,
山东协和学院,郭店,36.728346,117.241748,
山东现代职业学院,36.725756,117.050281,
山东信息职业技术学院,36.717799,119.160637,
山东畜牧兽医职业学院,北校区,36.712879,119.177775,
潍坊医学院,奎文校区,36.710994,119.138866,
潍坊医学院,36.710994,119.138866,
山东交通职业学院,潍坊校区,36.703861,119.071614,
潍坊商业学校,36.703704,119.072158,
山东农业工程学院,36.700758,117.101055,
山东英才学院,36.694453,117.333462,
山东英才学院,北校区,36.694453,117.333462,
山东商业职业技术学院,36.689419,117.05392,
青海畜牧兽医职业技术学院,36.687263,101.75574,
四川医科大学,城北校区,36.686368,101.712664,
齐鲁师范学院,36.683602,117.057573,
山东交通学院,东校区,36.683199,116.969883,
山东交通学院,西校区,36.683199,116.969883,
山东交通学院海运学院,36.683199,116.969883,
山东旅游职业学院,36.682216,117.545832,
山东青年政治学院,36.677085,117.24591,
山东职业学院,36.676991,117.33292,
山东财经大学,圣井,36.676464,117.438381,
山东凯文科技职业学院,36.67286,117.514743,
山东政法学院,厉下校区,36.672674,117.094654,
山东政法学院,历城校区,36.672674,117.094654,
山东建筑大学,36.671322,117.048486,
山东科技职业学院,36.670851,119.024888,
山东传媒职业学院,36.669835,117.490767,
山东大学,趵突泉,36.663566,117.024528,
山东艺术学院,36.662045,117.052977,
山东体育学院,36.660044,117.039983,
山东师范大学历山学院,36.659497,117.047124,
山东警察学院,36.659094,117.059609,
山东电子职业技术学院,36.658218,117.071564,
山东师范大学,本部,36.657845,117.048643,
山东中医药大学,36.656049,117.052862,
山东劳动职业技术学院,36.652861,116.979067,
山东工艺美术学院,36.650688,117.047885,
山东技师学院,36.647766,117.076142,
济南护理职业学院,36.647756,117.236082,
青海师范大学,36.645821,101.74888,
山东城市建设职业学院,36.645783,117.27816,
淄博师范高等专科学校,36.643417,117.992032,
济南职业学院,36.642789,117.267904,
济南职业学院,彩石,36.642789,117.267904,
山东女子学院,36.640337,117.017737,
青海交通职业技术学院,36.638182,101.766239,
济南大学泉城学院,36.636889,117.024696,
延安职业技术学院,36.635667,109.413069,
青海卫生职业技术学院,36.63305,101.794437,
山东财经大学,舜耕,36.632872,117.031336,
山东财经大学东方学院,36.632872,117.031336,
河北工程大学医学院,36.624974,114.508511,
济南大学,东校区,36.622462,116.972755,
济南大学,西校区,36.622462,116.972755,
山东医学高等专科学校,36.618091,116.995778,
青海建筑职业技术学院,36.607415,101.765941,
青海警官职业学院,36.607143,101.791895,
青海民族大学,36.595756,101.835788,
河北工程大学,中华南校区,36.594129,114.500618,
河北工程大学水电学院,36.593734,114.500487,
邯郸大学,36.590787,114.518649,
山东劳动职业技术学院,长清校区,36.579567,116.819731,
河北工程大学,西校区,36.577977,114.507632,
河北工程大学科信学院,36.577104,114.513122,
山东圣翰财贸职业学院,36.57274,116.857346,
山东女子学院,长清校区,36.562716,116.826926,
山东中医药大学,长清校区,36.561882,116.805848,
山东工艺美术学院,长清校区,36.557849,116.839043,
山东交通学院,长清校区,36.54324,116.803788,
山东管理学院,长清校区,36.537431,116.79331,
山东艺术学院,长清校区,36.527026,116.827184,
山东齐鲁工业大学,长清校区,36.42857,116.803552,
青岛理工大学琴岛学院,36.310707,120.512444,
泰山职业技术学院,36.227994,117.1819,
长治学院,北校区,36.216436,113.142885,
长治学院,南校区,36.216436,113.142885,
山西机电职业技术学院,36.214679,113.141294,
泰山学院,南校区,36.210307,117.065161,
泰山医学院,南校区,36.210019,117.115351,
泰山医学院,本部,36.210019,117.115351,
山西省广播电视大学长治分校,36.201664,113.120292,
山东农业大学,西校区,36.200796,117.125149,
山东农业大学,南校区,36.200796,117.125149,
长治职业技术学院,北校区,36.191231,113.125189,
长治职业技术学院,东校区,36.191231,113.125189,
长治职业技术学院,星海校区,36.191231,113.125189,
太原理工大学长治学院华北机电学校,36.190423,113.128112,
山东交通职业学院,泰安校区,36.188078,117.089415,
长治学院师范分院,36.186402,113.126663,
山东电力高等专科学校,36.182285,117.120401,
长治医学院,36.178552,113.123824,
青岛科技大学,四方校区,36.155763,120.393452,
山东医药技师学院,36.130659,117.085494,
西北师范大学知行学院,36.111425,103.741442,
兰州交通大学,36.111363,103.730911,
甘肃政法学院,36.109592,103.737061,
甘肃交通职业技术学院,东校区,36.109464,103.746834,
甘肃交通职业技术学院,36.109464,103.746834,
青岛理工大学,老校区,36.10571,120.378165,
青岛理工大学,新校区,36.10571,120.378165,
青岛理工大学,四方校区,36.10571,120.378165,
青岛求实职业技术学院,36.105215,120.384428,
青岛恒星科技学院,36.105215,120.384428,
西北师范大学,旧校区,36.104394,103.744761,
甘肃警察职业学院,36.104193,103.839007,
兰州城市学院,培黎校区,36.10085,103.70253,
兰州城市学院,本部,36.10085,103.70253,
山东商务职业技术学院,36.09929,118.527663,
山东省交通运输学院,36.09929,118.527663,
甘肃农业大学,36.096717,103.707241,
山西师范大学体育学院,36.090838,111.588249,
山西师范大学现代文理学院,36.089603,111.556466,
山西师范大学临汾学院,36.086054,111.519963,
青岛大学,中心校区,36.083716,120.339427,
安阳师范学院,36.082546,114.393056,
山东外贸职业学院,南校区,36.080657,120.390463,
山东外贸职业学院,北校区,36.080657,120.390463,
中国海洋大学,崂山校区,36.077271,120.44022,
安阳工学院,36.071784,114.356211,
兰州文理学院,36.070774,103.903804,
临汾职业技术学院,36.066021,111.621855,
兰州外国语学院,36.064226,103.823305,
兰州建筑学院,36.064226,103.823305,
兰州理工大学,36.062452,103.783445,
兰州理工大学技术工程学院,36.0623,103.746612,
兰州工业学院,36.05826,103.753259,
兰州财经大学,段家滩校区,36.05392,103.88777,
兰州长青学院,36.053081,103.922022,
兰州职业技术学院雁儿湾校区,36.052343,103.923566,
兰州职业技术学院,36.052343,103.923566,
兰州大学,盘旋路校区,36.051763,103.866501,
西北民族大学,36.051257,103.825243,
西北民族大学,校本部,36.051257,103.825243,
甘肃农业职业技术学院,36.051204,103.89526,
兰州大学医学院,36.050366,103.872067,
甘肃中医学院,36.04902,103.87594,
安阳职业技术学院医药卫生学院,36.037226,114.396509,
安阳师范学院人文管理学院,36.030642,114.396699,
安阳师范学院人文管理学院,老校区,36.030642,114.396699,
兰州资源环境职业技术学院,36.030581,103.952496,
兰州交通大学博文学院,36.013699,103.970982,
兰州商学院陇桥学院,36.009644,103.972132,
兰州大学,榆中校区,35.999785,104.24429,
青岛滨海学院,开发区,35.987535,120.172715,
青岛职业技术学院,黄岛区,35.976237,120.166957,
青岛开发区职业中专,35.97273,120.200033,
青岛黄海学院,黄岛区,35.932143,120.117247,
青岛港湾职业技术学院,黄岛区,35.816678,120.030225,
曲阜师范大学,曲阜校区,35.601569,116.975611,
山东外国语职业学院,35.475769,119.53999,
日照职业技术学院,35.467623,119.548033,
山东水利职业学院,35.460371,119.558698,
曲阜师范大学,日照校区,35.447724,119.54586,
山东体育学院,日照校区,35.442673,119.547483,
山东理工职业学院,35.436517,116.591267,
河南师范大学,35.334207,113.919688,
河南机电高等专科学校,35.323293,113.910344,
河南师范大学新联学院,35.300621,114.075807,
新乡医学院三全学院,新乡校区,35.288153,113.938884,
河南科技学院,35.287365,113.942866,
焦作师范高等专科学校,35.262167,113.215853,
河南理工大学万方科技学院,35.248352,113.240541,
中国人民解放军信息工程大学大连分院,35.241712,113.230804,
焦作大学,35.219787,113.283212,
运城学院,35.128047,110.93913,
运城职业技术学院,35.08024,111.014392,
运城护理职业技术学校,35.038859,111.006854,
运城幼儿师范学院,35.038859,111.006854,
山西运城农业职业技术学院,35.025643,111.007002,
运城师范高等专科学院,35.0249,111.015701,
枣庄学院,34.906599,117.542937,
郑州师范学院,东校区,34.868603,113.66017,
郑州师范学院,老校区,34.868603,113.66017,
河南牧业经济学院,英才街校区,34.86593,113.669,
郑州大学体育学院,34.836071,113.635332,
开封文化艺术职业学院,34.829922,114.34555,
开封教育学院,34.829922,114.34555,
河南大学,金明校区,34.828518,114.316238,
河南警察学院,34.827936,114.352948,
河南大学民生学院,34.825597,114.309949,
河南大学,明伦校区,34.817366,114.375798,
河南司法警官职业学院,34.812763,113.667057,
中原文化艺术学院,34.812496,113.671127,
河南艺术职业学院,34.812233,113.669734,
黄河水利职业技术学院,34.806112,114.349119,
河南水利与环境职业学院,34.806084,113.687577,
开封大学,34.80548,114.320169,
河南农业大学,桃李园,34.805356,113.579337,
河南信息统计职业学院,34.804549,113.693158,
河南省工艺美术学校,34.803674,113.694522,
郑州轻工业学院,高新区校区,34.803615,113.661022,
郑州轻工业学院,34.803615,113.661022,
河南职业技术学院,34.803079,113.798749,
河南工程学院,桐柏路校区,34.799532,113.645994,
河南财经政法大学,文北校区,34.798609,113.672714,
河南经贸职业学院,34.79396,113.654552,
河南农业大学,文化路校区,34.791383,113.669781,
郑州大学,南校区,34.788152,113.665314,
郑州大学工学院软件学院,34.787534,113.669648,
华北水利水电大学,花园校区,34.787259,113.801401,
河南师范大学新联学院,郑州,34.785145,113.855966,
河南广播电视大学,东校区,34.782512,113.709289,
河南财政税务高等专科学校,34.780054,113.673113,
河南化工职业学院,34.779709,113.546128,
河南中医学院,34.772035,113.710162,
郑州大学医学院,34.757043,113.65202,
郑州财经技师学校,34.75661,113.649644,
中原工学院软件学院,34.752936,113.596156,
中原工学院,北校区,34.75231,113.596215,
郑州铁路职业技术学院,新校区,34.746477,113.659159,
郑州铁路职业技术学院,34.746477,113.659159,
河南工业大学,中原路校区,34.745646,113.633894,
中州大学,航海中路,34.724667,113.663742,
中州大学,英才校区,34.724667,113.663742,
中州大学,金河校区,34.724667,113.663742,
河南交通职业技术学院,34.723983,113.643705,
郑州航空工业管理学院,东校区,34.722688,113.650757,
河南建筑职业技术学院,二七区,34.717222,113.529799,
郑州科技学院,34.71445,113.516369,
澍青医学院,34.705213,113.537498,
洛阳师范学院,新校区,34.683856,112.47376,
郑州轻工业学院轻工职业学院,34.676009,113.632273,
连云港职业技术学院,34.668081,119.248019,
河南科技大学景华校区,34.663793,112.404315,
洛阳理工学院,西校区,34.657597,112.419533,
遵义师范学院,新浦校区,34.656801,119.260574,
遵义医学院,新浦校区,34.656801,119.260574,
西安航空学院,阎良校区,34.637188,109.217849,
河南科技大学,周山校区,34.6131,112.423476,
河南科技大学,西苑校区,34.6131,112.423476,
河南科技大学,开元校区嘉园,34.6131,112.423476,
郑州大学升达经贸管理学院,34.598801,113.694572,
甘肃机电职业技术学院,秦州区,34.571839,105.669648,
烟台南山学院,东海校区,34.556383,118.79231,
渭南职业技术学院,新校区,34.519126,109.418218,
渭南职业技术学院,老校区,34.519126,109.418218,
陕西铁路工程职业技术学院,34.518332,109.412719,
河南推拿学院,34.51139,101.556307,
河南工信学院,34.51139,101.556307,
渭南师范学院,西岳校区,34.500378,109.494273,
甘肃林业职业技术学院,34.488855,105.918299,
郑州理工职业学院,34.444866,113.715591,
商丘师范学院,34.440864,115.628968,
商丘师范学院,老校区,34.440864,115.628968,
郑州工业应用技术学院,新校区,34.418824,113.764308,
郑州工业应用技术学院,老校区,34.418824,113.764308,
商丘学院,34.407662,115.727127,
西安医学院,未央校区,34.391661,109.000903,
西安工业大学,未央校区,34.388969,108.990732,
陕西科技大学,西安校区,34.38642,108.980894,
商丘职业技术学院,34.378895,115.662217,
西安美术学院,临潼校区,34.377521,109.229489,
西安交通大学城市学院,34.374638,108.864983,
长安大学,渭水校区,34.372466,108.907304,
西安工程大学,临潼校区,34.371209,109.19266,
陕西能源职业技术学院,34.362878,108.720929,
陕西邮电职业技术学院,34.361894,108.714883,
陕西财经职业技术学院,34.360882,108.705342,
宝鸡文理学院,34.357015,107.222224,
陕西工业职业技术学院,34.354905,108.722518,
陕西职业技术学院,新校区,34.334176,108.698457,
陕西科技大学,咸阳校区,34.333257,108.699288,
陕西交通职业技术学院,34.331251,108.946195,
陕西服装工程学院,34.309481,108.725203,
徐州工业职业技术学院,34.305491,117.14828,
陕西国际商贸学院,34.304325,108.72485,
咸阳职业技术学院,34.303471,108.74405,
陕西旅游烹饪职业学院,34.294945,108.926124,
西安铁路职业技术学院,34.286582,108.946691,
闽江学院,长乐路校区,34.277158,109.036484,
徐州生物工程学院,34.271553,117.188107,
西安工业大学,金花校区,34.27136,109.005551,
西安工业大学北方信息工程学院,34.271292,109.002814,
杨凌职业技术学院,北校区,34.271037,108.085879,
杨凌职业技术学院,南校区,34.271037,108.085879,
杨凌职业技术学院,西校区,34.271037,108.085879,
西安航空学院,本部,34.268171,108.898581,
徐州医学院,主校区,34.268062,117.26265,
西北农林科技大学,南校区,34.267924,108.078232,
徐州工程学院,泉山校区,34.264049,117.17729,
西安工程大学,34.264015,109.00644,
西安理工大学,金花校区,34.259565,108.999854,
西安理工大学高等技术学院,34.259565,108.999854,
徐州幼儿师范高等专科学校,34.259455,117.200008,
陕西青年职业学院,34.254391,108.938996,
陕西科技大学镐京学院,34.25374,108.801738,
西北大学,桃园校区,34.253734,108.934224,
西安电力高等专科学校,34.251153,108.962054,
西安建筑科技大学华清学院,34.250904,109.022844,
西安建筑科技大学草堂校区,34.250904,109.022844,
西北工业大学,友谊西路校区,34.250238,108.924276,
陕西经济管理职业技术学院,34.247566,108.94127,
陕西警官职业学院,34.247124,109.010785,
西安体育学院,丰裕口校区,34.244454,108.939939,
西安体育学院,34.244454,108.939939,
陕西电子信息职业技术学院,34.244114,108.86251,
西安医学院,含光路校区,34.243306,108.938337,
江苏师范大学,泉山校区,34.241947,117.175584,
陕西艺术职业学院,34.24126,108.96114,
西安海棠职业学院,34.237102,109.088167,
西安外事学院,34.236663,108.876087,
长安大学,小寨校区,34.235655,108.962189,
西安音乐学院,34.235084,108.95042,
陕西学前师范学院,34.232395,108.960112,
西安交通大学曲江校区,34.229671,109.008076,
西安铁路工程职工大学,34.225791,108.922177,
西安美术学院,34.224044,108.937023,
西安邮电大学,雁塔校区,34.221034,108.954959,
西安汽车科技职业学院,34.219509,109.109562,
西安文理学院,雁塔校区,34.219495,108.910833,
西安石油大学,34.219294,108.934801,
西安财经学院,翠西校区,34.216699,108.960153,
西安财经学院,翠东校区,34.216699,108.960153,
陕西师范大学,雁塔校区,34.214724,108.962787,
西安外国语大学,南校区,34.211585,108.953899,
西安外国语大学,雁塔校区,34.211585,108.953899,
西安医学高等专科学校,34.210868,108.932744,
徐州高等师范学校,34.199936,117.191024,
徐州工程学院,中心校区,34.199318,117.305994,
西安欧亚学院,34.182949,108.927091,
陕西工商职业学院,34.17134,108.877326,
西安东方亚太职业技术学院,34.160538,108.942398,
西北政法大学,南校区,34.159604,108.922078,
西北政法大学,北校区,34.159604,108.922078,
西安培华学院,34.156028,108.863768,
西北大学,长安校区,34.15165,108.886291,
西安邮电大学长安校区,34.140745,108.884313,
西安财经学院,长安校区,34.140745,108.884313,
西安电子科技大学北校区,34.1284,108.847536,
陕西电子科技职业学院,34.123126,108.949075,
西安交通工程学院,34.120635,108.597668,
西安科技大学高新学院,34.111026,108.891501,
西安石油大学户县校区,34.108686,108.653319,
江苏工程职业技术学院,滨海校区,34.092317,120.026609,
西安高新科技职业学院,34.090216,108.904996,
西北大学现代学院,34.052733,108.801484,
西北工业大学明德学院,34.050987,108.793227,
西安城市建设职业学院,34.050908,108.786914,
西安翻译学院,34.032183,109.013653,
宿迁广播电视大学,34.023402,118.304889,
宿迁卫生学校,34.02202,118.299704,
宿迁职业技术学院,34.019926,118.310712,
淮北师范大学,相山校区,33.989135,116.817378,
淮北职业技术学院,33.955749,116.780314,
宿迁高等师范学院,33.95205,118.296893,
宿迁学院,33.935762,118.302907,
商洛职业技术学院,33.886294,109.919521,
亳州师范高等专科学校,33.809092,115.772463,
平顶山学院,33.780012,113.183734,
河南城建学院,33.775583,113.19581,
平顶山教育学院,33.744634,113.285785,
宿州职业技术学院,33.730576,116.979499,
平顶山工业职业技术学院,33.716642,113.29517,
周口职业技术学院,33.67842,114.64257,
淮阴师范学院,老校区,33.64757,119.013621,
周口师范学院,33.640854,114.689634,
江苏财经职业技术学院,33.611868,119.022719,
淮阴工学院,新校区,33.609875,119.013034,
漯河医学高等专科学校,33.572361,114.019353,
江苏食品药品职业技术学院,33.552764,119.053049,
盐城师范学院,通榆校区,33.39086,120.163102,
盐城工学院,新校区,33.38859,120.207474,
盐城工学院,老校区,33.38859,120.207474,
盐城工学院,希望大道校区,33.38859,120.207474,
盐城高等师范,33.379862,120.148872,
盐城机电高等职业技术学院,33.379862,120.148872,
盐城卫生职业技术学院,33.331142,120.177761,
江苏农牧科技职业技术学院,凤凰路校区,33.013797,119.368489,
南阳职业学院,33.01142,112.542842,
黄淮学院,32.990324,114.01434,
南阳师范学院,32.981924,112.496387,
南阳理工学院,32.975726,112.556305,
南阳农业职业学院,32.970223,112.499043,
蚌埠医学院,32.957379,117.380416,
安徽财经大学,32.95355,117.383866,
河南农业大学,龙子湖校区,32.926343,117.478326,
河南牧业经济学院,龙子湖校区,32.926343,117.478326,
河南教育学院,龙子湖校区,32.926343,117.478326,
华北水利水电大学,龙子湖校区,32.926343,117.478326,
蚌埠电子信息职业技术学院,32.902559,117.426188,
阜阳师范学院信息工程学院,32.898652,115.811711,
蚌埠学院,32.895525,117.429707,
阜阳职业技术学院,32.892689,115.799903,
安康职业技术学院,32.699213,109.004275,
湖北汽车工业学院天津路校区,32.656694,110.74677,
安徽理工大学,本部,32.639634,117.017251,
安徽理工大学,西校区,32.639634,117.017251,
湖北工业职业技术学院,32.628003,110.806945,
泰州职业技术学院,32.491985,119.946218,
南京师范大学泰州学院,32.481957,119.947593,
泰州学院,新校区,32.476053,119.919606,
泰州机电高等职业学校,32.476053,119.919606,
泰州学院,老校区,32.476053,119.919606,
泰州农牧,老校区,32.476053,119.919606,
扬州工业职业技术学院,32.420806,119.454382,
扬州江海职业技术学院,32.408505,119.427778,
扬州大学盐阜路校区,32.407942,119.456979,
扬州职业大学,32.401197,119.387024,
南京信息职业技术学院,32.393142,119.492304,
南京中医药大学翰林学院,32.384687,119.901605,
扬州大学,江阳路南校区,32.344888,119.404581,
扬州大学,江阳路北校区,32.344888,119.404581,
扬州大学,文汇路校区,32.344888,119.404581,
扬州商务高等职业学校,32.343487,119.411379,
滁州学院,32.281634,118.318557,
江苏大学京江学院,32.211366,119.515542,
江苏科技大学,32.208046,119.457124,
镇江高等专科学校,32.200655,119.481049,
信阳师范学院,32.140245,114.047795,
信阳师范学院华锐学院,32.140245,114.047795,
南京农业大学,浦口校区,32.139623,118.709253,
南京理工大学紫金学院,32.132365,118.940008,
南京邮电大学,仙林校区,32.125411,118.933786,
信阳职业技术学院,新校区,32.120906,114.090825,
南京师范大学,仙林校区,32.115493,118.921253,
南京铁道职业技术学院,浦口校区,32.105235,118.705214,
南京财经大学,32.089975,118.768837,
南京邮电大学通达学院,32.086609,118.777283,
南京林业大学,32.083869,118.824783,
南京林业大学南方学院,32.083869,118.824783,
南京工业大学,江浦校区,32.077883,118.651161,
河海大学,32.062333,118.767001,
南京大学,32.061507,118.786147,
南京大学,金陵学院,32.061507,118.786147,
南京大学,鼓楼校区,32.061507,118.786147,
江苏健康学院,浦口校区,32.059062,118.569125,
江苏商贸职业学院,32.05838,120.89456,
南京化工职业技术,32.057236,118.778074,
南京师范大学,随园校区,32.056772,118.78474,
南京医科大学,鼓楼校区,32.050598,118.781161,
南京中医药大学,32.049998,118.773658,
南京中医药大学,汉中路,32.049998,118.773658,
南京体育学院,本部,32.049089,118.873723,
南京新华电脑专修学院,32.044983,118.82953,
南京审计学院,浦口校区,32.044704,118.759882,
南京工业职业技术学院,32.044408,118.8292,
南京航空航天大学,明故宫校区,32.041203,118.828069,
南京农业大学,32.039791,118.851191,
南京技师学院,32.036583,118.875067,
南京理工大学,32.035389,118.862604,
江苏经贸职业技术学院,32.024586,118.832111,
黎明职业大学,32.016269,120.901481,
南通职业大学,校内,32.014772,120.900241,
南通职业大学,育才,32.014772,120.900241,
南通开放大学,32.014665,120.873801,
南通师范学院,32.014665,120.873801,
江苏工程职业技术学院,校内,32.013237,120.895942,
襄阳职业技术学院,主校区,32.012561,112.086795,
襄阳职业技术学院医学院,32.012561,112.086795,
襄阳职业技术学院,南校区,32.012561,112.086795,
湖北文理学院,新校区,32.007488,）,112.048512
湖北文理学院,老校区,32.007488,112.048512,
南通大学生公寓,31.981679,120.915381,
南通大学,启秀校区,31.978862,120.915931,
南通大学,主校区,31.978862,120.915931,
河海大学,江宁校区,31.976701,118.830119,
南京三江大学,东江校区,31.963527,118.758645,
襄阳汽车职业技术学院,31.958367,112.100287,
南京医科大学,江宁校区,31.9459,118.896338,
正德学院,31.944563,118.790554,
南京航空航天大学,江宁校区,31.943043,118.793495,
安徽城市管理职业学院,31.934507,117.39895,
南通航运职业技术学院,31.9223,120.968481,
南京交通职业技术学院,31.917557,118.916448,
南通体臣卫校,31.91447,120.977259,
江苏科技大学,张家港校区,31.898138,120.580526,
中国传媒大学南广学院,31.890446,118.895467,
安徽农业大学经济技术学院,31.870741,117.261137,
合肥万博科技职业学院,31.868141,117.212776,
安徽农业大学,31.86668,117.264855,
合肥通用职业技术学院,31.863901,117.209924,
安徽建筑大学,南校区,31.859252,117.216005,
安徽经济管理干部学院,31.859252,117.216005,
安徽建筑大学,北校区,31.859252,117.216005,
安徽中医药大学,本部,31.858424,117.267344,
安徽中医药大学,少荃湖校区,31.858424,117.267344,
安徽医科大学南校区,31.855533,117.269215,
安徽医科大学,校本部,31.855533,117.269215,
安徽大学江淮学院,31.850073,117.260624,
合肥学院,新校区,31.845356,117.269764,
安徽交通职业技术学院北区,31.836234,117.305665,
安徽新华学院,31.832945,117.191521,
安徽工业经济职业技术学院,31.823943,117.334277,
安徽万通汽车专修学院,31.797887,117.223667,
安徽大学,馨苑校区,31.787806,117.196101,
合肥工业大学,翡翠湖校区,31.775208,117.214711,
常州卫生高等职业技术学院,31.771397,119.981861,
合肥信息技术职业学院,31.766679,117.180864,
合肥财经职业学院,31.761387,117.18421,
安徽三联学院,31.760001,117.20438,
合肥科技职业学院,31.752901,117.037991,
安徽文达信息工程学院,31.749049,117.025546,
安徽外国语学院,31.74682,117.029902,
合肥滨湖职业技术学院,31.730856,117.258909,
安徽工业大学,东校区,31.697162,118.518259,
常州大学武进校区,31.690199,119.961781,
常州轻工职业技术学院,31.68455,119.946214,
河海大学文天学院,31.669421,118.557171,
马鞍山职业技术学院,31.66836,118.56462,
安徽冶金科技职业学院,31.666149,118.502396,
马鞍山师范高等专科学校,31.660315,118.497897,
巢湖学院,31.655903,117.935824,
合肥职业技术学院,31.618694,117.91639,
安徽建筑大学城市建设学院,31.611249,117.602879,
无锡城市职业技术学院,31.589075,120.19135,
无锡太湖学院,31.580907,120.232054,
无锡交通高等职业技术学校,31.578062,120.154532,
无锡职业技术学院,31.544005,120.300772,
无锡职业技术学院,中桥校区,31.544005,120.300772,
西南科技大学,31.54063,104.701713,
无锡科技职业学院,31.52584,120.39784,
无锡南洋职业技术学院,31.500126,120.251954,
西南财经大学天府学院,绵阳校区,31.498526,104.697037,
淮北师范大学,滨湖校区,31.466579,120.248502,
绵阳师范学院,磨家校区,31.456855,104.611734,
西南科技大学城市学院,31.450868,104.80166,
四川中医药高等专科学校,31.448864,104.765208,
四川汽车职业技术学院,31.43874,104.648379,
四川音乐学院绵阳艺术学院,31.425129,104.766614,
上海震旦职业学院,31.424132,121.362582,
上海师范大学天华学院,31.415047,121.208367,
上海建峰职业技术学院,宝山区,31.412716,121.47219,
昆山登云科技职业学院,31.397031,120.897924,
上海科学技术职业学院,31.392486,121.264637,
浙江工业职业技术学院,镜湖校区,31.351966,118.387245,
浙江越秀外国语学院,镜湖校区,31.351966,118.387245,
皖南医学院,31.348579,118.380247,
安徽工程大学,31.344853,118.418049,
安徽师范大学,老校区,31.339712,118.381183,
安徽机电职业技术学院,31.334737,118.36894,
邦德职业技术学院,31.328913,121.40849,
贵州师范大学,宝山校区,31.321952,121.398676,
上海大学,嘉定校区,31.321324,121.400016,
苏州高博软件技术职业学院,31.317987,120.619907,
苏州托普信息职业技术学院,31.317987,120.619907,
上海体育学院,31.317476,121.532183,
苏州旅游与财经职业技术学院,31.314335,120.671352,
苏州大学,本部校区,31.311469,120.646956,
苏州科技学院,江枫校区,31.306135,120.566059,
安徽中医药高等专科学校,31.30587,118.382215,
上海电机学院,临港校区,31.30526,121.551966,
上海健康医学院,杨浦,31.30451,121.535717,
上海理工大学,军工路校区,31.296477,121.558275,
同济大学,四平路校区,31.289331,121.507525,
上海财经大学,31.287259,121.487789,
上海财经大学浙江学院,31.287259,121.487789,
达州职业技术学院,A校区,31.287163,107.537705,
芜湖职业技术学院,南校区,31.284308,118.375464,
芜湖职业技术学院,北校区,31.284308,118.375464,
苏州大学,独墅湖校区,31.281298,120.736965,
苏州港大思培科技职业学院,31.281286,120.748735,
西交利物浦大学,31.279599,120.74638,
上海杉达学院,31.272891,121.664721,
苏州科技学院天平学院,31.271034,120.563086,
苏州工业园区职业技术学院,31.265757,120.761494,
苏州卫生职业技术学院,31.265682,120.584184,
苏州工业园区服务外包职业学院,31.264624,120.754733,
苏州技师学院,31.261364,120.58059,
苏州经贸职业技术学院,31.257374,120.574298,
文荟学生公寓,31.251734,120.575534,
文星学生公寓,31.251734,120.575534,
上海金融学院,31.24842,121.464581,
上海海事大学,临港校区,31.24644,121.545023,
苏州工艺美术职业技术学院,31.235376,120.595191,
苏州市职业大学,31.230559,120.602467,
上海中医药大学,31.22871,121.484984,
苏州工业职业技术学院,31.226942,120.596935,
上海电子信息职业技术学院,31.220681,121.408841,
上海电影艺术职业学院,31.215044,121.585632,
东华大学,延安路校区,31.2128,121.42016,
上海健康医学院,浦东,31.205179,121.461506,
复旦大学,江湾校区,31.20294,121.463295,
复旦大学,31.20294,121.463295,
上海政法学院,31.19313,121.440854,
上海商学院,31.188935,121.435755,
上海海关学院,31.174466,121.583342,
上海应用技术学院,徐汇,31.173853,121.425091,
上海师范大学,徐汇,31.167774,121.425835,
苏州大学应用技术学院,31.158088,120.848376,
上海建桥学院,31.154802,121.596773,
华东理工大学,徐汇,31.150241,121.431001,
四川司法警官职业学院,31.136653,104.418603,
四川工程职业技术学院,31.098619,104.397039,
四川建筑职业技术学院,31.091791,104.39124,
上海出版印刷高等专科学校,31.059846,121.75733,
上海出版印刷高等专科学校,拱极路校区,31.059846,121.75733,
松江大学城二期,31.05605,121.213341,
松江大学城三期,31.05605,121.213341,
松江大学城四期,31.05605,121.213341,
松江大学城五期,31.05605,121.213341,
松江大学城六期,31.05605,121.213341,
上海电力学院,南汇校区,31.054891,121.794585,
上海工商外国语职业学院,31.054098,121.789621,
生活园区,31.052185,121.79179,
上海思博职业技术学院,31.047381,121.787213,
上海东海职业技术学院,31.035504,121.464316,
紫竹科技园,31.028518,121.454337,
上海电机学院,闵行校区,31.028205,121.437383,
上海农林职业技术学院,31.01628,121.226724,
上海健康职业学院,31.016076,121.408154,
四川航天职业技术学院,广汉校区,31.012352,104.243192,
四川师范大学广汉分院,31.006481,104.298476,
上海应用技术大学,奉贤校区,30.915122,121.560642,
四川科技职业学院,30.904732,103.88338,
成都东软学院,30.895912,103.601591,
湖州职业技术学院,30.882815,120.137571,
上海师范大学,奉贤校区,30.842399,121.525387,
成都中医药大学,郫县校区,30.839642,103.884625,
内蒙古医科大学,金山校区,30.835081,121.248408,
四川五月花专修学院,团结校区,30.830596,103.984218,
四川传媒学院,30.82843,103.993613,
成都医学院,新都校区,30.826054,104.205198,
西华师范大学,老区,30.819981,106.077094,
四川音乐学院,新都校区,30.812907,104.183458,
重庆三峡学院,新区,30.801269,108.389644,
川北医学院,顺庆校区,30.799699,106.086046,
重庆信息技术职业学院,30.793883,108.388183,
成都工业学院,郫县校区,30.793661,103.89485,
四川托普信息技术职业学院,30.785531,103.927859,
川北医学院,高坪校区,30.784792,106.134501,
四川天一学院,30.768538,104.132408,
成都纺织高等专科学校,30.767735,103.964041,
宜昌教育学院,30.765191,111.314959,
重庆三峡职业学院,30.7629,108.401582,
电子科技大学,清水河校区,30.761321,103.933113,
重庆三峡医药高等专科学校,30.758841,108.452757,
重庆服装工程职业学院,30.755988,108.378485,
嘉兴学院,梁林校区,30.751671,120.737221,
嘉兴职业技术学院,30.749222,120.719352,
同济大学浙江学院,30.740557,120.792232,
四川大学锦城学院,30.73268,103.958496,
湖北水利水电职业技术学院,南湖校区,30.716358,120.844535,
武汉纺织大学,南湖校区,30.716358,120.844535,
华中师范大学,南湖校区,30.716358,120.844535,
中国矿业大学,南湖校区,30.716358,120.844535,
吉林大学,南湖校区,30.716358,120.844535,
长春工业大学,南湖校区,30.716358,120.844535,
东北大学,南湖校区,30.716358,120.844535,
湖南理工学院南湖学院,30.716358,120.844535,
四川农业大学,成都校区,30.712184,103.866396,
西华大学,30.708513,104.029607,
西南交通大学,峨眉校区,30.704127,104.061257,
成都农业科技职业学院,30.702643,103.82241,
湖北三峡职业技术学院,30.698278,111.318864,
成都信息工程大学,天府校区,30.698055,103.81029,
四川商务职业学院,30.698049,103.930331,
湖北大学知行学院,30.695425,114.379048,
成都中医药大学,温江校区,30.692441,103.814046,
成都理工大学,30.682729,104.145496,
成都师范大学,30.679943,104.067923,
四川艺术职业学院,30.675371,104.000482,
成都中医药大学,十二桥校区,30.66038,104.063612,
成都中医药大学,十二桥校区,30.66038,104.063612,
成都大学,30.655993,104.194038,
四川华新现代职业学院,30.655349,104.241356,
成都理工大学工程技术学院,30.654617,104.076031,
四川长江职业学院,30.651469,104.170694,
西南民族大学,航空港校区,30.645231,104.055746,
武汉轻工大学,常青校区,30.642008,114.246537,
武汉科技大学,黄家湖校区,30.632437,114.376834,
武汉科技大学,青山校区,30.632437,114.376834,
成都航空职业技术学院,30.623829,104.087947,
武汉理工大学,余家头校区,30.609979,114.363428,
四川大学锦江学院,30.606302,104.124269,
四川国际标榜职业学院,30.603182,104.305959,
武汉工程职业技术学院,30.603127,114.47861,
武汉铁路职业技术学院,30.601179,114.345487,
武汉科技大学,洪山校区,30.593802,114.436548,
武汉科技大学城市学院,30.59262,114.432545,
四川科技职工大学,30.590725,104.19091,
成都信息工程学院,航空港校区,30.589766,104.01343,
湖北财经高等专科学校,30.585695,114.377674,
四川财经职业学院,30.584605,104.217725,
武汉纺织大学,阳光校区,30.583821,114.38139,
武汉交通职业学院,30.581084,114.3162,
武汉工商职业学院,30.581084,114.3162,
湖北经济学院,30.578376,114.371237,
武汉船舶职业技术学院,30.574018,114.241792,
四川师范大学,成龙校区,30.571485,104.206793,
湖北大学,阳逻校区,30.568942,114.344883,
武昌理工学院,30.56486,114.353622,
武昌职业学院,30.56486,114.353622,
湖北大学,武昌校区,30.56486,114.353622,
四川航天职业技术学院,30.561444,104.272039,
武汉商学院,30.556472,114.252075,
湖北中医药大学,30.556271,114.320468,
湖北第二师范学院,30.544158,114.339096,
武汉大学,30.54415,114.369212,
武汉音乐学院,30.543508,114.301861,
中南财经政法大学,首义校区,30.539164,114.319054,
湖北经济学院法商学院,30.536934,114.362167,
武汉工贸职业学院,30.535799,114.421948,
武汉工贸职业学院,30.535799,114.421948,
湖北艺术职业学院,30.534017,114.353241,
中国地质大学（武汉）,30.53104,114.405511,
武汉电力职业技术学院,30.530684,114.373489,
湖北轻工职业技术学院,30.528434,114.352009,
华北理工大学,30.528362,（本部）,114.360121
华北理工大学冀唐学院,30.528362,114.360121,
华北理工大学,煤医校区,30.528362,114.360121,
武汉体育学院,30.526078,114.384322,
江汉大学文理学院,30.525828,114.164383,
湖北工业大学,30.525189,114.351933,
华中师范大学,本部,30.523708,114.366996,
华中师范大学武汉传媒学院,30.523708,114.366996,
湖北财税职业学院,30.520573,114.30536,
四川职业技术学院,30.514356,105.580819,
武汉民政职业学院,30.51401,114.384917,
湖北青年职业学院,30.513517,114.376972,
武汉科技学院外经贸学院,30.511536,114.382585,
武汉理工大学,马房山校区,30.50902,114.33843,
武汉理工大学,升升公寓,30.50902,114.33843,
武汉工程大学邮电与信息工程学院,30.508033,114.397713,
中南财经政法大学武汉学院,30.506959,114.384945,
湖北开放职业学院,30.505666,114.404473,
长江职业学院,光谷校区,30.503175,114.402704,
华中科技大学文华学院,30.501152,114.446815,
湖北水利水电职业技术学院,汤逊湖校区,30.497423,114.344373,
武汉工商学院,30.492619,114.290318,
武昌工学院,30.491254,114.291961,
武汉职业技术学院,30.490088,114.422645,
湖北工业大学工程技术学院,30.484032,114.314068,
武汉体育科技职业学院,30.478159,114.411793,
湖北科技职业学院,30.477689,114.411276,
武汉理工大学华夏学院,30.472407,114.41804,
中南民族大学,30.464777,114.277894,
黄冈科技职业学院,30.457401,114.899816,
武汉软件工程职业学院,30.450415,114.433696,
武汉大学珞珈学院,30.448214,114.31718,
武汉城市职业学院,30.448214,114.31718,
武汉商贸职业学院,30.441822,114.466052,
黄冈职业技术学院,30.438581,115.003059,
武汉工程大学,流芳校区,30.434042,114.467921,
武汉东湖学院,30.428191,114.323386,
汉口学院,30.423266,114.32367,
湖北城市建设职业技术学院,30.411719,114.442215,
武汉信息传播职业技术学院,30.409589,114.382002,
长江工程职业技术学院,30.408484,114.322426,
华中农业大学楚天学院,30.407069,114.416384,
武汉体育学院体育科技学院,30.404034,114.440097,
湖北美术学院,江夏校区,30.401677,114.428658,
武汉语言文化职业学院,30.378546,114.405664,
四川城市职业技术学院,30.367481,102.89916,
四川幼儿师范高等专科学校,30.367481,102.89916,
武汉工程科技学院,30.355522,114.341805,
湖北生态工程职业技术学院,30.351013,114.343105,
长江大学,西校区,30.338726,112.221968,
长江大学,东校区,30.338726,112.221968,
荆州职业技术学院,30.3383,112.20798,
荆州理工职业学院,30.334349,112.259816,
浙江大学城市学院,30.332645,120.16001,
中国计量学院,30.327353,120.369043,
浙江金融职业学院,30.327174,120.390093,
杭州职业技术学院,30.326734,120.359638,
中国计量学院现代科技学院,30.326087,120.382473,
浙江树人大学,30.32367,120.159668,
浙江经贸职业技术学院,30.322545,120.38891,
浙江传媒学院,30.321779,120.157904,
杭州电子科技大学软件学院,30.319567,120.350431,
杭州电子科技大学,30.319567,120.350431,
浙江水利水电学院,30.319369,120.380139,
浙江经济职业技术学院,30.314993,120.385544,
浙江医药高等专科技术学院,30.312556,120.13077,
浙江大学,紫金港校区,30.312401,120.099236,
浙江育英职业技术学院,30.310876,120.358073,
浙江财经大学,下沙校区,30.304125,120.394203,
浙江工业大学,朝晖校区,30.298812,120.171893,
浙江理工大学科艺学院,仓前校区,30.295423,120.14322,
浙江工商大学,西湖校区,30.291506,120.145485,
浙江邮电职业技术学院,30.287756,120.156958,
浙江电大工程学院,30.282664,120.128317,
浙江大学,西溪校区,30.275836,120.13107,
浙江大学,玉泉校区,30.275836,120.13107,
杭州师范大学,仓前校区,30.263519,120.180497,
浙江警官职业学院,30.262814,120.078748,
万向职业技术学院,30.259563,120.081168,
杭州商业职业技术学院,30.259244,120.219375,
宁波大红鹰学院,杭州湾校区,30.259244,120.219375,
杭州电子科技大学信息工程学院,30.25441,120.092149,
浙江建设职业技术学院,30.252211,120.305487,
北大青鸟留下校区,30.248281,120.064053,
浙江工业大学,屏峰校区,30.2279,120.041175,
浙江科技学院,小和山校区,30.227846,120.033056,
浙江外国语学院,留下校区,30.225483,120.041496,
浙江长征职业技术学院,30.213582,120.025411,
南京信息工程大学,滨江校区,30.187588,120.19237,
浙江机电职业技术学院,30.181139,120.159308,
浙江商业职业技术学院,30.180543,120.169703,
浙江医学高等专科学校,30.177927,120.166222,
浙江师范大学,萧山校区,30.172894,120.389081,
眉山职业技术学院,30.070878,103.894634,
四川工商学院,眉山校区,30.061115,103.84143,
重庆民生职业技术学院,30.011444,106.240635,
重庆工商大学派斯学院,30.010997,106.269574,
重庆邮电大学移通学院,30.005349,106.247962,
重庆师范大学涉外商贸学院,30.002446,106.253165,
绍兴职业技术学院,29.987742,120.565722,
绍兴文理学院元培学院,29.986767,120.578633,
四川农业大学,雅安校区,29.983877,103.001316,
浙江越秀外国语学院,稽山校区,29.975561,120.609962,
哈尔滨商业大学,江北校区,29.966392,121.493299,
宁波职业技术学院,29.918749,121.825144,
宁波大学科技学院,29.916981,121.635155,
宁波大学,29.914867,121.643725,
宁波教育学院,育才校区,29.904215,121.543141,
宁波广播电视大学,29.899699,121.546109,
浙江同济科技职业技术学院,29.898529,121.824783,
徽商职业技术学院,29.898529,121.824783,
常州纺织职业技术学院,29.898529,121.824783,
南通科技职业技术学院,校内,29.898529,121.824783,
潇湘职业技术学院,29.898529,121.824783,
浙江大学软件学院,29.896355,121.646276,
宁波大红鹰学院,鄞州校区,29.894237,121.488611,
宁波工程学院,29.885862,121.539776,
宁波城市职业技术学院,29.878514,121.561955,
宁波天一卫生职业技术学院,29.876963,121.513233,
湖北科技学院,咸安校区,29.854879,114.344116,
重庆师范大学,北碚校区,29.83874,106.430218,
咸宁职业技术学院,咸安校区,29.83166,114.321836,
浙江万里学院,回龙校区,29.827235,121.635171,
浙江大学宁波理工学院,29.821443,121.581121,
重庆青年职业技术学院,北碚校区,29.786083,106.383583,
长江师范学院,29.758486,107.270692,
九江广播电视大学,29.715053,115.993533,
江西财经职业学院,29.711975,116.001019,
九江职业大学,29.707903,115.968661,
九江职业大学,新校区,29.707903,115.968661,
九江学院,八里湖校区,29.69222,115.948758,
重庆海联职业技术学院,29.685637,106.608529,
九江职业技术学院,29.68478,115.99788,
西南政法大学,渝北区,29.673734,106.60145,
重庆南方翻译学院,29.671982,106.617339,
重庆工商大学融智学院,29.665389,106.465611,
重庆商务职业学院,29.641978,106.316728,
重庆职业技术学院,29.63305,106.331524,
重庆警察学院,29.632173,106.324309,
重庆医药高等专科学校,29.632135,106.319494,
重庆医科大学,大学城,29.628658,106.315036,
重庆房地产职业学院,29.626145,106.334622,
重庆电子工程职业学院,29.622766,106.330745,
重庆大学,虎溪校区,29.60462,106.307489,
重庆科技学院,虎溪校区,29.596539,106.331295,
四川外国语大学,沙坪坝区,29.578245,106.442671,
重庆大学,A区,29.573377,106.466156,
重庆大学,B区,29.573377,106.466156,
重庆大学,C区,29.573377,106.466156,
重庆大学城市科技学院,29.571859,106.477397,
乐山职业技术学院,29.567253,103.723908,
重庆师范大学,29.563945,106.461927,
重庆城市职业学院,29.563819,106.558855,
乐山师范学院,29.563598,103.759038,
重庆城市管理学院,29.544606,106.530635,
重庆巴渝职业技术学院,29.544606,106.530635,
重庆建筑工程职业学院,29.539179,106.48512,
重庆邮电大学,29.538321,106.613922,
重庆广播电视大学,29.53623,106.493449,
重庆工业职业技术学院,29.53148,106.518572,
重庆工商大学,兰花湖校区,29.523117,106.462178,
重庆化工职业学院,沙坪坝校区,29.519887,106.507785,
重庆理工大学,两江校区,29.518866,106.518432,
重庆第二师范学院,学府校区,29.516794,106.583807,
重庆工程职业技术学院,29.516184,106.445553,
重庆工商大学,学府校区,29.511136,106.587115,
重庆工商职业学院,29.50268,106.457718,
重庆电力高等专科学校,29.490784,106.538213,
重庆能源职业学院,29.461062,106.434763,
重庆电讯职业学院,29.415222,106.286493,
重庆交通职业学院,29.412214,106.291848,
重庆公共运输职业学院,29.410805,106.285354,
重庆科创职业学院,29.380789,105.883021,
重庆水利电力职业技术学院,新校区,29.370738,105.942146,
岳阳职业技术学院,29.363074,113.143241,
重庆文理学院,星湖校区,29.358744,105.909801,
景德镇学院,29.309475,117.218151,
江西陶瓷工艺美术职业技术学院,29.300569,117.249847,
重庆电信职业学院,星湖校区,29.244077,105.879458,
浙江海运职业学院,29.159494,119.957202,
浙江农业商贸职业技术学院,29.159494,119.957202,
浙江师范大学成教学院,29.136939,119.643098,
金华职业技术学院,29.068259,119.643631,
湖南文理学院,29.055057,111.677063,
常德职业技术学院,29.041851,111.648658,
衢州职业技术学院,28.980618,118.87303,
江西先锋软件职业技术学院,28.901026,115.822564,
四川医科大学,忠山校区,28.886291,105.469204,
四川警察学院,28.882096,105.435832,
四川化工职业技术学院,28.872735,105.429199,
宜宾学院,28.793566,104.617066,
南昌理工学院,主校区,28.789073,115.866372,
江西农业大学,南校区,28.768204,115.839315,
江西农业大学,北校区,28.768204,115.839315,
江西艺术职业学院,28.762049,115.865681,
江西水利职业学院,28.757018,115.882039,
江西财经大学,蛟桥园南校区,28.754776,115.859972,
江西财经大学,蛟桥园北校区,28.754776,115.859972,
江西新闻出版职业技术学院,28.751447,115.963355,
江西外语外贸职业学院,28.750812,115.893764,
华东交通大学,南校区,28.749191,115.874934,
华东交通大学,北校区,28.749191,115.874934,
江西理工大学,南昌校区,28.746821,115.883371,
江西财经大学,麦庐园校区,28.740528,115.82383,
江西交通职业技术学院,28.740444,115.866241,
江西应用科技学院,28.738055,115.747102,
江西电力职业技术学院,28.724318,115.81497,
江西建设职业技术学院,28.722243,115.856813,
江西司法警官职业学院,28.716497,115.852325,
华东交通大学理工学院,28.71167,115.837905,
江西财经大学现代经济管理学院,28.709689,115.924256,
江西工业职业技术学院,瑶湖校区,28.698507,116.032303,
江西泰豪动漫职业学院,28.698149,115.980922,
南昌工程学院,瑶湖校区,28.695082,116.036294,
武汉纺织大学,东湖校区,28.692375,115.910148,
武汉航海职业技术学院,东湖校区,28.692375,115.910148,
湖南生物机电职业技术学院,东湖校区,28.692375,115.910148,
常熟理工学院,东湖校区,28.692375,115.910148,
三峡大学科技学院,28.68957,116.024361,
南昌师范高等专科学校,28.687546,115.960078,
南昌大学,青山湖校区,28.686042,115.947282,
江西科技学院,瑶湖校区,28.685946,116.025929,
江西师范大学,瑶湖校区,28.685556,116.037814,
南昌师范学院,昌北校区,28.68352,115.957883,
江西师范大学科学技术学院,28.683471,115.929943,
江西中医药大学,湾里区,28.68082,115.756353,
南昌大学科学技术学院,28.680541,115.951162,
江西警察学院,28.669726,115.762713,
江西现代职业技术学院,28.666524,115.962623,
江西护理职业技术学院,28.666049,115.964282,
南昌航空大学科技学院,上海路校区,28.662285,115.952032,
江西工业贸易职业技术学院,28.660416,115.793514,
台州学院,椒江区,28.658874,121.397922,
南昌航空大学,前湖校区,28.657031,115.835044,
江西工程职业学院,28.656,115.904645,
江西制造职业技术学院,28.655513,115.943507,
江西科技师范大学,前湖校区,28.655047,115.820928,
南昌大学,前湖校区,28.654087,115.802731,
南昌大学医学院,前湖校区,28.651951,115.802218,
江西经济管理干部学院,28.645482,115.808038,
江西航空职业技术学院,青云谱校区,28.638211,115.923574,
江西航空职业技术学院,28.638211,昌南校区）,115.923574
江西机电职业技术学院,青云谱校区,28.631379,115.914278,
南昌工学院,28.61664,115.766612,
南昌大学人民武装学院,28.608038,115.914676,
江西翻译专修学院,28.602811,115.913117,
江西工商职业技术学院,28.593236,115.888557,
江西泰豪动漫学院,创意园区,28.574723,115.91428,
江西生物科技职业学院,28.568648,115.946901,
江西服装学院,28.455998,115.961803,
中南林业科技大学涉外学院,28.364824,112.915985,
湖南信息职业技术学院,望城校区,28.347334,112.824447,
湖南信息学院,28.325891,113.092285,
湖南工程职业技术学院,28.281698,113.07524,
湖南外贸职业学院,望城校区,28.277902,112.848535,
湖南安全技术职业学院,28.27509,113.064231,
湖南商学院北津学院,28.274469,112.963322,
长沙卫生职业学院,28.264006,113.091372,
长沙师范学院,北校区,28.261888,113.08994,
湖南商务职业技术学院,28.240674,112.906467,
湖南大众传媒职业技术学院,星沙校区,28.238832,113.084809,
湖南警察学院,28.22879,113.137312,
湖南都市职业学院,28.228112,113.189126,
湖南商学院,28.226873,112.925822,
长沙电力职业技术学院,28.226493,113.115722,
湖南师范大学医学院,28.220386,112.941985,
湖南水利水电职业技术学院,28.219977,113.113732,
湖南现代物流职业技术学院,28.219712,113.102466,
湖南司法警官职业学院,28.214605,113.10151,
长沙学院,28.213478,112.979353,
湖南财政经济学院,28.210645,112.931953,
湖南电子科技职业学院,28.210547,112.829193,
长沙职业技术学院,雷锋校区,28.209938,112.851875,
湖南生物机电职业技术学院,马坡岭校区,28.207413,113.077486,
湖南涉外经济学院,28.206719,112.882169,
湖南文理学院芙蓉学院,28.203811,113.020969,
湖南公安高等专科学校,28.200982,112.943465,
湖南信息职业技术学院,28.194385,113.023283,
湖南三一工业职业技术学院,28.192341,113.142989,
湖南师范大学,南院校区,28.191015,112.956577,
湖南师范大学,主校区,28.191015,112.956577,
湖南师范大学,张公岭校区,28.191015,112.956577,
湖南大学,北校区,28.185612,112.950336,
湖南艺术职业学院,28.17425,112.94402,
湖南师范大学树达学院,28.173845,112.930698,
湖南中医药大学,东塘校区,28.168341,113.004242,
长沙通信职业技术学院,28.167464,112.981473,
湖南邮电职业技术学院,28.166607,112.981851,
长沙理工大学,金盆岭校区,28.160838,112.98539,
湖南工贸学院,28.160345,113.02725,
长沙南方职业学院,28.156427,112.915342,
南方职业学院,28.155156,112.917024,
湖南体育职业学院,28.153897,113.045348,
湖南食品药品职业学院,28.153742,113.049932,
长沙航空职业技术学院,圭塘校区,28.148338,113.050602,
中南大学,校本部,28.145198,113.000139,
中南大学,铁道校区,28.145198,113.000139,
长沙民政职业技术学院,28.145053,113.0189,
湖南交通职业技术学院,新校区,28.142204,113.012417,
湖南网络工程职业学院,28.139709,112.995571,
长沙商贸旅游职业技术学院,老校区,28.136193,113.004569,
长沙商贸旅游职业技术学院,新校区,28.136193,113.004569,
长沙环境保护职业技术学院,28.135428,113.029627,
湖南科技职业学院,老校区,28.127492,113.032144,
湖南女子学院,28.123039,113.014507,
湖南外国语职业学院,28.114115,113.014827,
湖南税务高等专科学校,28.114115,113.014827,
长沙职业技术学院,28.107575,112.974411,
保险职业学院,28.098645,113.006624,
长沙理工大学,雨花区,28.08191,113.039985,
四川旅游学院,龙泉校区,28.050639,119.082297,
长沙航空职业技术学院,田心桥校区,28.033724,113.052357,
温州职业技术学院,28.014196,120.687944,
温州大学,学院路校区,28.014049,120.683258,
浙江工贸职业技术学院,28.008271,120.706842,
湖南科技职业学院,暮云镇校区,28.006066,112.995851,
温州科技职业学院,27.988446,120.638567,
温州大学瓯江学院,27.933309,120.71196,
温州大学,城院、瓯江混合,27.924528,120.703564,
温州大学城市学院,27.923271,120.697789,
湖南铁路科技职业技术学院,新校区,27.918093,113.157823,
湖南铁路科技职业技术学院,南院,27.918093,113.157823,
湖南科技大学,南校区,27.914655,112.920424,
湖南科技大学,北校区,27.914655,112.920424,
湖南软件职业学院,27.914217,112.938866,
湖南化工职业技术学院北院,27.907836,113.176195,
湖南化工职业技术学院新校区,27.907836,113.176195,
湖南化工职业技术学院东院,27.907836,113.176195,
湖南有色金属职业技术学院,27.90498,113.173033,
湘潭大学,27.889371,112.872484,
湖南汽车工程职业学院,27.887061,113.15048,
湖南铁道职业技术学院,东院,27.886048,113.135063,
湖南铁道职业技术学院,南院,27.886048,113.135063,
湘潭大学兴湘学院,27.883967,112.868051,
湘潭职业技术学院,27.847099,112.956009,
湖南汽车工程职业技术学院,27.842984,112.954036,
湖南理工职业技术学院,27.842897,112.927673,
赣西科技职业学院,27.83696,114.938283,
湖南工业大学,27.835765,113.178112,
湖南工程学院,北校区,27.819397,112.934054,
湖南工程学院,南校,27.819397,112.934054,
湖南电气职业技术学院,27.817248,112.930119,
宜春学院,27.797848,114.364106,
宜春学院,北校区,27.797848,114.364106,
江西工程学院,天工校区,27.781699,114.852305,
江西青年职业技术学院,27.757258,115.676082,
江西科技师范大学理工学院,27.757258,115.676082,
江西新能源科技职业学院,27.757258,115.676082,
娄底职业技术学院,27.746003,112.029819,
铜仁职业技术学院,27.742351,109.205551,
娄底卫校,27.735654,112.032888,
江西工程学院,仙女湖校区,27.735254,114.803828,
武夷学院,本部,27.732839,118.010984,
湖南人文科技学院,27.717744,112.010508,
遵义医学院,本部,27.71443,106.951508,
遵义师范学院,栋青分院,27.712953,107.053971,
遵义医药高等专科学校,27.707657,106.919786,
贵州工业职业技术学院,金阳校区,27.706169,103.201059,
贵州交通职业技术学院,金阳校区,27.706169,103.201059,
贵州航天职业技术学院,27.702373,106.945206,
湖南外贸职业学院,南校区,27.695864,111.720664,
湖南劳动人事职业学院,27.695864,111.720664,
湖南铁路职业技术学院东院,27.695864,111.720664,
湖南商业技师学院,27.695864,111.720664,
湖南民族职业技术学院,27.695864,111.720664,
遵义职业技术学院,27.688227,106.921752,
铜仁幼儿师范高等专科学校,27.674903,109.168558,
毕节职业技术学院,27.30376,105.324181,
井冈山大学临床医学院,27.110217,114.983224,
吉安职业技术学院,吉州校区,27.103481,114.932897,
湖南工商职业学院,26.972308,112.626362,
湖南科技经贸职业学院,26.918036,112.510998,
湖南交通工程学院,26.917721,112.510576,
贵州中医学院,本部,26.902826,106.734996,
贵州商学院,26.902826,106.734996,
贵州幼儿师范高等专科学校,26.902826,106.734996,
南华大学,校本部,26.901985,112.599838,
南华大学,新校区,26.901985,112.599838,
衡阳技师学院,26.899688,112.617488,
衡阳幼儿师范学院,26.898164,112.583819,
长沙医学院,衡阳校区,26.896345,112.603148,
湖南高速铁路职业技术学院西校区,26.889736,112.621262,
衡阳广播电视大学,26.88896,112.586463,
湖南工业科技职工大学北校区,26.884385,112.60852,
湖南工业科技职工大学,26.884385,112.60852,
湖南工学院,新校区,26.884257,112.617821,
中钢集团衡阳重机职业技术学院,26.88311,112.642845,
衡阳工业职工大学,26.883061,112.657722,
衡阳工业专修学院,26.880946,112.565644,
衡阳师范学院,新校区,26.867288,112.634667,
湖南财经工业职业技术学院,26.850208,112.608791,
贵州交通职业技术学院,清镇校区,26.688621,106.353814,
贵州大学明德学院,乌当校区,26.688326,106.73345,
贵州省消防学校,26.671486,106.638634,
宁德师范学院,新区,26.662921,119.599576,
贵州大学科技学院,26.628738,106.720582,
贵阳职业技术学院,26.622668,106.610411,
贵州大学明德学院,云岩校区,26.622496,106.745181,
贵州财经大学,北校区,26.620741,106.728724,
贵阳市财经学校,26.616354,106.736695,
贵州职业技术学院,26.611237,106.612931,
宿州学院,西区,26.610869,101.555332,
省商业高等专科学校,26.605705,106.71748,
黔东南民族职业技术学院,26.599561,107.98874,
贵州广播电视大学,26.599385,106.707963,
贵州师范大学,本部,26.594374,106.728227,
贵州师范大学求是学院,26.592966,106.727019,
贵州建设职业技术学院,26.592812,106.473852,
福建林业职业技术学院,天麟校区,26.589157,118.264456,
贵州电子信息职业技术学院,26.588624,107.998185,
贵阳医学院,本部,26.58616,107.977823,
六盘水师范学院,26.582416,104.827073,
贵阳护理职业学院,26.580154,106.708471,
贵阳中医学院,26.58002,106.729576,
贵州商业高等专科学校南校区,26.573731,106.700042,
贵阳医学院神奇民族医药学院,26.568041,106.789117,
贵州理工学院,26.566394,106.662582,
贵州大学,新校区,26.565211,106.668027,
贵州大学艺术学院,26.564089,106.696699,
贵阳学院,龙洞堡校区,26.563622,106.784326,
贵州工商职业学院,26.561311,106.458665,
贵州警官职业学院,26.559552,106.782993,
贵州省社会主义学院,26.557262,106.785573,
贵州新华电脑学院,26.557189,106.699889,
贵州电力职业技术学院,26.556426,106.700169,
贵州大学沙冲校区,26.554277,106.709651,
贵州轻工职业技术学院,26.548278,106.713245,
凯里学院,26.532712,107.898572,
贵州省机械工业学校,26.513826,106.739933,
贵州民族大学,董家堰校区,26.470165,106.676328,
贵州省旅游学校,26.432687,106.665931,
贵州大学南校区,农学院,26.426683,106.677578,
贵州亚泰职业学院,26.40584,106.672563,
贵州民族大学,大学城新校区,26.381742,106.649609,
贵州财经大学,花溪校区,26.381418,106.645802,
黔南民族职业技术学院,26.310708,107.462886,
安顺广播电视大学,26.247623,105.90999,
安顺广播电视大学,新校区,26.247623,105.90999,
安顺职业技术学院,26.246146,105.950201,
黔南民族医学高等专科学校,26.243195,107.53204,
福建卫生职业技术学院,26.147929,119.1781,
福建商业高等专科学校,26.12382,119.29802,
福建商业高等专科学校,新校区,26.12382,119.29802,
福建体育职业技术学院,26.118881,119.306119,
福建中医药大学,旗山校区,26.112766,119.309354,
福州软件职业技术学院,26.11229,119.26788,
福建信息职业技术学院,龙腰校区,26.111024,119.301548,
福建工程学院软件学院,26.108805,119.256786,
福建技师学院,26.096357,119.266792,
福建理工学校,26.095046,119.251869,
福建教育学院,26.093893,119.292477,
福建农林大学,26.090801,119.245098,
福建工程学院,鳝溪校区,26.09029,119.377254,
福建艺术职业学院,26.087525,119.297455,
福建生物工程职业技术学院,铜盘校区,26.086862,119.253748,
福州科技职业技术学院,26.085737,119.253842,
福州科技学院,26.085522,119.253241,
闽江师范高等专科学校光禄坊校区,26.084308,119.298846,
福州黎明职业技术学院福屿校区,26.084221,119.28501,
福建农林大学金山学院,26.083908,119.242112,
福州大学至诚学院,26.081122,119.278527,
福州大学怡山校区,26.080838,119.282631,
福州职业技术学院,26.080382,119.166721,
福建对外经济贸易职业技术学院,26.079916,119.511344,
福建农林大学东方学院,26.075919,119.658998,
福建医科大学台江校区,26.074843,119.307083,
闽江学院洪塘校区,26.074701,119.247062,
福建工程学院浦东校区,26.073304,119.35977,
福建江夏学院,26.072557,119.201228,
闽江学院工业路校区,26.071292,119.286411,
福建闽江学院,26.071229,119.287034,
福州师范高等专科学校,26.06761,119.339571,
福建建筑高等专科学校,26.050118,117.984943,
福建省建筑学院,26.050118,117.984943,
福州理工学院,26.047125,119.330221,
福建师范大学,仓山校区,26.042134,119.315693,
福建农业职业技术学院相思苑,26.041507,119.322618,
福建农业职业技术学院,26.041507,119.322618,
福建工程学院,北校区,26.036686,119.315257,
福建工程学院,南校区,26.036686,119.315257,
福建幼儿师范高等专科学校,26.036133,119.313528,
福建船政交通职业学院,26.034269,119.318567,
福建船政交通职业学院,排下区,26.034269,119.318567,
福建省科技进修学院,26.033546,119.271104,
福建警察学院,26.032955,119.322582,
福建师范大学协和学院,26.028954,119.213145,
福建金融职业技术学院北校区,26.026736,119.319215,
福建对外经济贸易职业技术学院白湖亭校区,26.026009,119.352807,
福州大学阳光学院,26.009594,119.453843,
福建交通职业技术学院排下校区,26.004811,119.359518,
福建信息职业技术学院杜园校区,26.00081,119.355835,
福建信息职业技术学院螺洲校区,25.987973,119.355896,
福州英华职业学院,25.984976,119.39826,
江西环境工程职业学院,25.889602,114.921556,
江西理工大学,本部,25.86018,114.938089,
江西理工大学,黄金校区,25.86018,114.938089,
江西理工大学,西校区,25.86018,114.938089,
赣南师范学院,黄金校区,25.856282,114.939552,
江西应用技术职业学院,25.853643,114.951158,
赣州高等师范专科学院,25.845296,114.935909,
济宁医学院,北湖校区,25.679158,112.884476,
九江学院,浔东校区,25.496463,118.255888,
莆田学院,仙游校区,25.468258,118.704626,
桂林电子科技大学信息科技学院,25.322537,110.423154,
桂林医学院,乐群校区,25.297206,110.317432,
桂林医学院,25.297206,110.317432,
桂林电子科技大学,金鸡岭校区,25.290621,110.342956,
桂林师范高等专科学校,信义校区,25.289743,110.266624,
桂林师范高等专科学校,甲山校区,25.289743,110.266624,
桂林航天工业学院,北校区,25.289425,110.377607,
桂林航天工业学院,南校区,25.289425,110.377607,
广西师范大学,王城校区,25.287407,110.305649,
桂林理工大学,屏风校区,25.284328,110.323309,
广西师范大学漓江学院,25.268369,110.336023,
云南大学滇池学院,杨林校区,25.236875,103.009226,
泉州师范学院诗山校区,25.193886,118.311225,
云南农业大学,25.135413,102.757093,
仰恩大学,新校区,25.119817,118.620391,
龙岩学院,25.118706,117.03142,
桂林旅游学院,雁山校区,25.112806,110.371485,
云南林业职业技术学院,25.09941,102.780664,
云南师范大学文理学院,杨林校区,25.096442,102.721927,
云南经济管理学院,25.091473,102.655549,
云南科技信息职业学院,25.090031,102.766221,
黔西南民族职业技术学院,25.089052,104.917045,
云南艺术学院,25.089029,102.74398,
云南艺术学院文化学院,25.089029,102.74398,
云南师范大学商学院,五华区,25.088441,102.656999,
云南师范大学商学院,杨林校区,25.088441,102.656999,
云南财经大学,本部,25.087228,102.726416,
昆明卫生职业学院,25.083841,102.643435,
云南旅游职业学院,25.082134,102.717479,
云南警官学院,25.080387,102.698875,
昆明理工大学津桥学院,25.078575,102.660574,
闽西职业技术学院,25.075555,117.038808,
昆明医学院海源学院,25.075053,102.669244,
昆明医学院海源学院,杨林校区,25.075053,102.669244,
桂林理工大学博文管理学院,雁山区,25.070455,110.313161,
桂林理工大学,雁山校区,25.070225,110.313429,
云南华程学院,25.069993,102.662008,
云南开放大学,25.067521,102.712029,
西南林业大学,25.066293,102.766461,
云南城市建设学院,杨林校区,25.062461,102.696074,
云南大学,25.060617,102.709244,
云南工商学院,25.059411,102.702604,
昆明理工大学新迎校区,25.057643,102.738492,
昆明广播电视大学,25.05346,102.745641,
昆明学院,25.052105,102.69247,
楚雄师范学院,25.032182,101.556303,
广东石油化工学院,官渡校区,25.031311,102.828819,
辽宁师范大学,西山校区,24.98363,102.603478,
云南大学滇池学院,西山区,24.978775,102.680648,
云南文化艺术职业学院,24.977588,102.641199,
云南体育运动职业技术学院,24.970916,102.687878,
福建电力职业技术学院,丰泽区,24.952479,118.59206,
云南工程职业学院,24.947519,102.460848,
云南技师学院,24.932444,102.481888,
中国地质大学安宁学习中心,24.927202,102.488018,
泉州师范学院软件学院,24.913702,118.548758,
泉州经贸职业技术学院,24.911726,118.547015,
云南经济管理学院,安宁校区,24.903905,102.441407,
泉州理工职业学院,24.901652,118.600362,
泉州信息职业技术学院,24.901652,118.600362,
泉州轻工职业学院,24.901652,118.600362,
泉州海洋职业学院,24.901652,118.600362,
泉州华光摄影职业学院,24.901652,118.600362,
泉州幼儿师范高等专科学校,24.882292,118.664688,
泉州师范学院,24.873518,118.676046,
云南新兴职业学院,24.864213,101.592952,
昆明理工大学,呈贡校区,24.856641,102.859058,
昆明医科大学,呈贡校区,24.855409,102.884283,
云南交通职业技术学院,呈贡区,24.855409,102.884283,
云南财经大学,呈贡校区,24.855409,102.884283,
昆明冶金高等专科学院,安宁校区,24.852355,102.391127,
云南民族大学,呈贡校区,24.848827,102.860478,
云南中医学院,呈贡校区,24.843235,102.831138,
云南大学,呈贡校区,24.833145,102.857012,
韶关学院,24.780891,113.681091,
韶关市技师学院,24.778076,113.691921,
泉州纺织服装职业学院,24.743306,118.676228,
广东松山职业技术学院,24.648413,113.648222,
厦门理工学院,集美校区,24.629933,118.09376,
厦门软件学院,24.622273,118.081478,
厦门兴才职业技术学院,24.621347,118.044555,
厦门工学院,24.619679,118.071976,
厦门华天涉外职业技术学院,24.609838,118.257434,
厦门南洋职业学院,翔安校区,24.606445,118.256423,
华侨大学,厦门校区,24.604741,118.092898,
厦门技师学院,24.602246,118.258474,
集美大学诚毅学院,24.594982,118.101186,
集美大学师范学院,24.589161,118.106909,
集美大学机械学院,24.58847,118.101299,
集美大学水产学院,24.587655,118.109397,
集美大学体育学院,24.586683,118.10454,
集美大学轮机工程学院,24.584379,118.10795,
集美大学财经学院,24.577959,118.10545,
集美大学航海学院,24.572989,118.100456,
漳州卫生职业学院,24.532987,117.640116,
漳州城市职业学院,24.530807,117.640108,
漳州职业技术学院,24.528875,117.644224,
漳州科技职业学院,24.517065,117.676205,
厦门海洋学院,思明校区,24.494227,118.112066,
厦门海洋学院,24.494227,118.112066,
厦门华厦学院,24.489231,118.103886,
厦门工商旅游学院,24.489231,118.103886,
厦门城市职业技术学院,24.489231,118.103886,
厦门科技专修学院,24.489231,118.103886,
厦门安防学院,24.489231,118.103886,
厦门医学高等专科学校,24.465505,118.170406,
福州大学厦门工艺美术学院,24.451569,118.067757,
厦门演艺职业学院,24.448012,118.080063,
厦门大学,本部,24.444593,118.101011,
广西科技大学,东环校区,24.33421,109.455155,
广西科技大学医学院,柳石校区,24.33421,109.455155,
柳州城市职业技术学院,24.329053,109.422402,
柳州铁道职业技术学院,官塘新校区,24.32278,109.375756,
柳州职业技术学院,24.301977,109.456301,
国立台湾师范大学,24.086957,121.973871,
台湾辅仁大学,24.086957,121.973871,
百色职业学院,23.919163,106.633177,
百色学院,23.895741,106.614838,
广东水利水电职业技术学院,从化校区,23.705203,113.698709,
中山大学南方学院,23.638772,113.684381,
广州南洋理工职业学院,23.588413,113.623819,
广州华夏职业学院,23.583312,113.521864,
广西经济职业技术学院,23.552255,108.924274,
广州城建职业学院,23.533859,113.614685,
华南农业大学珠江学院,23.519318,113.587584,
广州大学华软软件学院,23.456565,113.500046,
广州工商学院,花都校区,23.445798,113.188067,
华南理工大学广州学院,23.43832,113.178352,
广州民航职业技术学院,实训基地,23.418557,113.318529,
广东第二师范学院,花都校区,23.413218,113.190966,
广州科技职业技术学院,23.409264,113.469433,
河南检察职业学院,龙湖校区,23.408849,116.759347,
河南工程学院,龙湖校区,23.408849,116.759347,
河南机电职业学院,龙湖校区,23.408849,116.759347,
河南工业贸易职业学院,龙湖校区,23.408849,116.759347,
中原工学院信息商务学院,龙湖校区,23.408849,116.759347,
广东工贸职业技术学院,23.408358,（白云校区）,113.464168
广东行政职业学院,花都校区,23.406836,113.192747,
广州民航职业技术学院,赤坭校区,23.392264,113.086925,
广东青年职业学院,23.37498,113.431703,
广东外语外贸大学南国商学院,23.34368,113.388441,
广东农工商职业技术学院,增城校区,23.332026,113.770023,
广州康大职业技术学院,23.313703,113.572361,
广州工商学院,三水校区,23.311866,112.974045,
常州大学,白云校区,23.294514,113.331306,
广州大学松田学院,23.281387,113.72954,
广东白云学院,23.276214,113.219075,
广东建设职业技术学院,校本部,23.274393,113.252852,
广东建设职业技术学院,夏矛校区,23.274393,113.252852,
广州珠江职业技术学院,23.273825,113.836928,
广东技术师范学院,白云校区,23.267242,113.462585,
广技师天河学院,23.26632,113.463572,
广东技术师范学院天河学院,23.26521,113.463792,
广东财经大学华商学院,23.261272,113.785028,
广州东华职业学院,23.259973,113.475513,
广州涉外经济职业技术学院,23.259608,113.372047,
广州华立科技职业学院,23.248435,113.868959,
广东工业大学华立学院,23.245247,113.870596,
广东外语外贸大学公开学院,23.23722,113.259976,
广东省国防工业职工大学,23.22421,113.294629,
广东食品药品职业学院,23.208545,113.381139,
广东外语外贸大学,白云校区,23.205914,113.295796,
广东工业大学,龙洞校区,23.202532,113.364324,
中山大学新华学院,广州校区,23.201326,113.394203,
广州市公安管理干部学院,23.200425,113.338352,
广东机电职业技术学院,白云校区,23.19913,113.342938,
广东机电职业技术学院,南校区,23.19913,113.342938,
广州工程技术职业学院,23.198207,113.366424,
广东交通职业技术学院,23.18876,113.359662,
广东交通职业技术学院,北校区,23.18876,113.359662,
广州大学市政技术学院,23.185883,113.346527,
广东工贸职业技术学院,天河校区,23.179304,113.326467,
广东外语艺术职业学院,23.178134,113.344951,
广东岭南职业技术学院,23.173339,113.423223,
广州体育职业技术学院,23.17206,113.362992,
民办南华工商学院,23.171715,113.331244,
广州华南商贸职业学院,23.171699,113.355628,
广州民航职业技术学院,白云校区,23.171591,113.265215,
广东水利水电职业技术学院,天河校区,23.166129,113.385643,
广东技术师范学院,23.16331,113.260503,
华南农业大学,天河校区,23.163308,113.357925,
广东农工商职业技术学院,天河校区,23.161745,113.339,
华南理工大学,23.158634,113.351615,
广州科技贸易职业学院,23.157582,113.34563,
星海音乐学院,大学城校区,23.155541,113.311181,
星海音乐学院天河校区,23.155541,113.311181,
广州大学桂花岗校区,23.154708,113.272268,
广东工程职业技术学院,23.15031,113.279978,
广州体育学院,23.149926,113.325316,
广东体育职业技术学院,23.149231,113.321643,
广东理工职业学院,广州校区,23.148375,113.279629,
华南师范大学,23.145512,113.355887,
华南师范大学康大学院,23.145512,113.355887,
广东东软学院,23.143587,113.031328,
广东邮电职业技术学院,23.140361,113.37106,
广州医科大学,23.140336,113.262768,
广东工业大学,东风路校区,23.139402,113.306065,
嘉兴学院,越秀校区,23.139278,113.287833,
暨南大学,天河校区,23.137995,113.356714,
广州华成理工职业技术学校,23.137874,113.442857,
广州现代信息工程职业技术学院,23.13786,113.442847,
佛山科学技术学院,本部,23.137551,113.064069,
广州铁路职业技术学院,23.135299,113.299017,
中山大学北校区,23.134547,113.296258,
广州文艺职业学院,23.120049,113.30765,
广州城市职业技术学院,南校区,23.120049,113.30765,
广州城市职业技术学院,北校区,23.120049,113.30765,
广州松田职业技术学院,23.120049,113.30765,
肇庆学院,23.112775,112.501079,
中山大学海珠校区,23.104288,113.304612,
肇庆医学高等专科,端州校区,23.103323,112.477794,
广东技术师范学院南校区,23.102218,113.296114,
广东工商职业学院,23.100473,112.488496,
广东轻工职业技术学院,23.096901,113.306525,
广东财经大学,23.095152,113.360811,
南方医科大学,广州校区,23.094856,113.342461,
广州航海学院,23.094313,113.401874,
广东海洋大学,23.092072,113.359284,
广东海洋大学,海滨校区,23.092072,113.359284,
广东药学院赤岗校区,23.089842,113.34018,
广东轻工职业学院,海珠校区,23.087629,113.333841,
广东理工学院,南校区,23.079246,112.447714,
广东理工学院,北校区,23.079246,112.447714,
肇庆科技职业技术学院,23.078921,112.44657,
广州金融学院肇庆校区,23.078663,112.479653,
华南师范大学,南海校区,23.078265,113.041381,
广州中医药大学,大学城校区,23.065581,113.412217,
东莞理工学院,莞城校区,23.063368,113.774646,
广东药学院,大学城校区,23.062129,113.408788,
中山大学,大学城校区,23.060119,113.421775,
广州美术学院,大学城校区,23.060119,113.421775,
广州大学,大学城校区,23.060119,113.421775,
东莞理工学院城市学院,23.057003,113.778986,
广东环境保护工程职业学院,23.056697,112.91659,
广州美术学院,23.046919,113.388661,
惠州学院,23.043027,114.424946,
中山大学新华学院,东莞校区,23.043024,113.763434,
佛山广播电视大学,23.03626,113.117229,
广东职业技术学院,禅城校区,22.988391,113.12388,
广东科技学院,22.977504,113.761046,
广东女子职业学院,22.960231,113.444798,
番禺师范学院,22.934591,113.4168,
广东医学院,东莞校区,22.930898,113.872407,
番禺理工学院,22.908683,113.314706,
番禺职业技术学院,22.90786,113.314597,
东莞职业技术学院,22.901014,113.863785,
广州医科大学,番禺校区,22.8729,113.389217,
广西卫生职业技术学院,昆仑校区,22.865432,108.378586,
桂林理工大学南宁分校,空港校区,22.862806,108.306031,
广西大学行健文理学院,22.859486,108.295714,
广西电力职业技术学院,22.857559,108.276689,
广西农业职业技术学院,22.849656,108.248447,
广西中医药大学赛恩斯新医药学院,22.848684,108.324675,
广西国际商务职业技术学院,西校区,22.848535,108.263696,
广西中医药大学,明秀校区,22.846751,108.324541,
广西中医药大学,仙葫校区,22.846751,108.324541,
广西民族大学,东校区,22.846746,108.241111,
广西民族大学西校区,22.846746,108.241111,
广西工业职业技术学院,22.845396,108.306799,
广西建设职业技术学院,新校区,22.845129,108.303924,
广西艺术学院,相思湖校区,22.844698,108.271521,
广西机电职业技术学院,22.841875,108.243711,
广西民族大学相思湖学院,22.84168,108.203552,
广西水利电力职业技术学院,22.841661,108.35904,
广西水利电力职业技术学院,里建校区,22.841661,108.35904,
广西财经学院,明秀校区,22.841177,108.307069,
广西财经学院,相思湖校区,22.841177,108.307069,
广西师范学院,长校区,22.838951,108.353551,
广西警官高等专科学校,22.837843,108.362622,
广西经济管理干部学院,22.837289,108.245661,
广西体育高等专科学校,22.836427,108.333496,
广西政法管理干部学院,22.834436,108.361074,
广西交通职业技术学院,四塘校区,22.830664,108.349921,
广西交通职业技术学院,园湖校区,22.830664,108.349921,
广西工商职业技术学院,相思湖校区,22.818067,108.295722,
广西艺术学院,南校区,22.809096,108.34602,
广西外国语学院,22.80479,108.52244,
广西医科大学,22.804574,108.358316,
广西医科大学护理学院,22.80391,108.348428,
汕尾职业技术学院,22.797814,115.374731,
香港中文大学（深圳）,22.692234,114.217194,
深圳信息职业技术学院,22.689178,114.221305,
哈尔滨商业大学,江南校区,22.663807,108.135591,
福建林业职业技术学院,江南校区,22.663807,108.135591,
玉林师范学院,西校区,22.658475,110.2109,
南方科技大学,深圳校区,22.604046,114.00656,
五邑大学,22.600387,113.090554,
广西师范学院师园学院,22.593166,108.239286,
深圳职业技术学院,22.592731,113.958923,
广西职业技术学院,22.585088,108.241741,
广西演艺职业学院,22.578257,108.246474,
暨南大学深圳旅游学院,22.545809,113.992417,
哈尔滨工业大学,一校区,22.543425,113.960722,
哈尔滨工业大学,二校区,22.543425,113.960722,
哈尔滨工业大学,三校区,22.543425,113.960722,
哈尔滨工业大学华德学院,22.543425,113.960722,
广东新安职业技术学院,22.542611,113.927478,
重庆第二师范学院,南山校区,22.539808,113.939454,
香港科技大学,22.53886,113.950167,
深圳大学,22.538249,113.943487,
电子科技大学中山学院,22.532201,113.396482,
石家庄学院,北区,22.522803,114.218796,
石河子大学,中区、北区,22.522803,114.218796,
内蒙古民族大学,北区,22.522803,114.218796,
安顺职业技术学院,北区,22.522803,114.218796,
中山职业技术学院,22.517882,113.439088,
广东理工职业学院,中山校区,22.437059,113.397121,
广西理工职业技术学院,崇左校区,22.435057,107.357516,
广西民族师范学院,本部,22.417086,107.351735,
广西师范学院,五合校区,22.390044,107.397747,
中山大学,珠海校区,22.347853,113.594214,
香港理工大学,22.307084,114.191059,
树仁大学,22.289331,114.209326,
北京师范大学,珠海分校,22.286631,113.574388,
四川师范大学,东区,22.276112,114.235394,
黑龙江工程学院,东区,22.276112,114.235394,
石河子大学,东区,22.276112,114.235394,
内蒙古民族大学,东区,22.276112,114.235394,
珠海艺术学院,22.256915,113.562447,
暨南大学,珠海校区,22.255354,113.537369,
哈尔滨师范大学,南区,22.231257,114.218796,
哈尔滨理工大学,南区,22.231257,114.218796,
石河子大学,南区,22.231257,114.218796,
陕西理工学院,南区,22.231257,114.218796,
四川美术学院,22.211292,113.532403,
澳门旅游学院,22.209524,113.559715,
澳门城市大学,22.204118,113.557519,
澳门镜湖护理学院,22.202579,113.554801,
澳门大学,22.166872,113.569534,
珠海城市职业技术学院,22.137563,113.366641,
广东科学技术职业学院,珠海分院,22.134572,113.359932,
遵义医学院,珠海校区,22.077182,113.408376,
岭南师范学院,校本部,21.278846,110.358551,
海南大学,海甸校区,20.062248,110.335229,
东华理工大学,枫林校区,20.056513,110.3446,
山东科技大学,东校区,20.056513,110.3446,
山东科技大学,西校区,20.056513,110.3446,
海南科技职业学院,20.049119,110.414979,
海口经济学院,新校区,20.025367,110.38057,
海南工商职业学院,20.016595,110.376421,
琼台师范高等专科学校,老校区,20.004537,110.36416,
海南职业技术学院,20.002683,110.317237,
海南师范大学,南校区,20.002236,110.351243,
海南政法职业学院,19.988712,110.384982,
海南经贸职业技术学院,19.987901,110.525748,
琼台师范高等专科学校,桂林洋校区,19.981379,110.523666,
海南外国语职业学院,19.609484,110.771428,
三亚理工职业学院,18.342993,109.5593,
琼州学院,三亚校区,18.317977,109.540517,
琼州学院,18.317977,109.540517,
三亚城市职业学院,18.302359,109.523122,
三亚航空旅游职业学院,18.296293,109.498359,
黑河学院,50.233596,127.550601,
国立政治大学,48.304658,125.661335,
黑龙江农垦职业技术学院,48.246714,126.483106,
新疆职业大学,友好校区,48.128002,128.465964,
齐齐哈尔大学,西校区,47.35956,123.93677,
黑龙江中医药学校,47.356592,128.047414,
齐齐哈尔高等师范专科学院,47.3477,123.987289,
黑龙江省职业学院,47.307545,123.97174,
山东财经大学,明水,47.201247,125.841268,
大连工业大学,46.813551,130.382445,
河南牧业经济学院,北林,46.747537,126.957863,
大庆职业学院,南校区,46.681755,125.155607,
大庆师范学院,46.645901,124.868783,
东北石油大学华瑞学院,46.598095,125.15579,
哈尔滨广厦学院,45.880812,126.557175,
黑龙江科技大学,嵩山校区,45.825764,126.65887,
黑龙江工程学院,西校区,45.79197,126.69567,
哈尔滨工程大学,45.781639,126.688749,
哈尔滨广播电视大学,45.772129,126.645665,
黑龙江司法警官职业学院,45.655115,126.630976,
黑龙江护理高等专科学校,阿城校区,45.508076,126.975225,
黑龙江工业学院,45.290947,130.975507,
牡丹江大学,海林分校,44.605428,129.382113,
牡丹江师范学院,44.595032,129.570274,
国立阳明大学,44.587975,129.783915,
承德石油高等专科学校,双桥区,40.904284,117.96859,
河北宣化职业技术学院秦皇岛分校,40.632394,115.258472,
九州学院,40.013229,118.705406,
河北农业大学海洋学院,39.934435,119.642494,
首都经济贸易大学,本部,39.857189,119.526241,
河北外国语职业学院,39.806468,119.433585,
华北理工大学轻工学院,丰润校区,39.789909,118.05949,
河北科技师范学院,昌黎校区,39.716679,119.189577,
唐山学院,大学道校区,39.681719,118.173623,
唐山科技职业技术学院,39.604685,118.245191,
唐山工业职业技术学院,曹妃甸区,39.266038,118.415961,
河北大学,本部,38.876309,115.522533,
河北农业大学,西校区,38.85635,115.489996,
河北省艺术职业学院,38.61384,115.661434,
石家庄医学高等专科学校,灵寿校区,38.510936,114.187819,
渤海理工职业学院,38.396372,117.322568,
河北美术学院,38.351188,114.726072,
沧州职业技术学院,38.288291,116.825997,
石家庄经济职业学院,38.15241,114.559666,
石家庄铁道大学,38.088605,114.515388,
河北工业职业技术学院,南校区,38.062202,114.443069,
石家庄城市经济职业学院,38.051209,114.704896,
河北师范大学附属民族学院,38.006807,114.527639,
河北劳动关系职业学院,37.994587,114.463262,
石家庄铁道大学四方学院,37.890548,114.41645,
复旦大学,邯郸校区,36.609308,114.482694,
安徽长江职业技术学院,33.951503,116.800074,
亳州职业技术学院,33.851114,115.776107,
宿州学院,33.635638,117.000224,
河南财经政法大学,龙子湖校区,32.926343,117.478326,
阜阳师范学院,32.899708,115.792807,
安徽理工大学,北校区,32.639634,117.017251,
滁州职业技术学院,32.291956,118.321802,
安徽职业技术学院,31.934936,117.385958,
合肥师范学院,锦绣校区,31.861419,117.281579,
安徽审计职业学院,方兴校区,31.822155,117.311817,
上海城市管理学院,31.790114,117.233306,
安徽财贸职业学院,31.757956,117.187644,
安徽工业大学工商学院,31.697315,118.519485,
闽江师范高等专科学校旗山校区,31.661032,118.504546,
长江职业学院,流芳校区,31.612265,117.604998,
安徽工程大学机电学院,31.344911,118.420666,
安徽师范大学,新校区,31.339712,118.381183,
上海大学,宝山校区,31.321952,121.398676,
济光学院,31.307046,121.506444,
安徽商贸职业技术学院,31.29447,118.374296,
同济大学,嘉定校区,31.28711,121.226904,
上海海洋大学,临港校区,31.257613,121.489896,
浙江纺织服装职业技术学院,31.254921,117.307395,
上海工商职业学院,31.249162,121.487899,
上海海事职业技术学院,31.245124,121.536,
上海工艺美术职业学院,31.243249,121.484968,
华东师范大学,普陀,31.2351,121.411138,
上海第二工业大学,31.23156,121.463567,
上海旅游高等职业学院,31.22127,121.463239,
华东师范大学,闵行校区,31.216484,121.406901,
松江大学城一期,31.05605,121.213341,
四川师范大学,狮子山校区,30.944772,117.889749,
福建江夏学院金山校区,30.835081,121.248408,
嘉兴南洋职业技术学院,30.794414,120.782432,
中南财经政法大学,南湖校区,30.716358,120.844535,
池州学院,30.650035,117.572812,
安庆师范学院,30.520095,117.055114,
浙江交通职业技术学院,30.349749,120.09556,
浙江工商大学,下沙校区,30.314778,120.395013,
中国美院张江高科校区,30.299868,120.144847,
浙江工业大学,假山校区,30.298812,120.171893,
浙江理工大学,30.295423,120.14322,
杭州师范大学,下沙校区,30.263519,120.180497,
浙江旅游职业学院,30.249042,120.308354,
四川大学,望江校区,30.242568,116.688092,
浙江中医药大学,30.183586,120.154565,
浙江广播电视大学工商学院,30.045516,121.164351,
浙江海洋学院,29.967722,122.194584,
宁波教育学院育才学院,29.904215,121.543141,
浙江艺术职业技术学院,29.898529,121.824783,
宁波工程学院,西校区,29.885862,121.539776,
宁波诺丁汉,29.885259,121.579006,
浙江万里学院,钱湖校区,29.833886,121.636385,
黄山学院,29.720123,118.298458,
浙江工商职业技术学校,29.159494,119.957202,
浙江师范大学,29.141944,119.652919,
丽水学院,28.463103,119.910594,
成都信息工程学院,龙泉校区,28.050639,119.082297,
温州医科大学,28.002838,120.690635,
温州大学,27.924528,120.703564,
浙江东方职业技术学院,27.808939,120.804929,